Address of the authorisation holder,Date from which the product is authorised,Date until which the product is authorised,Description and characterisation of the product,Name of the authorisation holder,Name of the product,Unique code,Food category,Maximum level g/kg
Lundtoftegaardsvej 95; 2800 Lyngby; DENMARK,1 January 2014,1 January 2024,"1.
Source materials:
 90 % beech (Fagus sylvatica), 10 % oak (Quercus alba)
2.
Specifications:
pH: 2,1 - 2,9
Water: 47,0 - 56,0 %
Acid % (expressed as acetic acid): 8 - 12 %
Carbonyl compounds: 17 - 25 %
Phenols (as syringol, mg/g): 10,5 - 20,1
3.
Purity criteria:
Lead: < 5,0 mg/kg
Arsenic: < 3,0 mg/kg
Cadmium: < 1,0 mg/kg
Mercury: < 1,0 mg/kg",Azelis Denmark A/S,Scansmoke PB 1110,SF-001,1.7. Cheese and cheese products,2.0
Lundtoftegaardsvej 95; 2800 Lyngby; DENMARK,1 January 2014,1 January 2024,"1.
Source materials:
 90 % beech (Fagus sylvatica), 10 % oak (Quercus alba)
2.
Specifications:
pH: 2,1 - 2,9
Water: 47,0 - 56,0 %
Acid % (expressed as acetic acid): 8 - 12 %
Carbonyl compounds: 17 - 25 %
Phenols (as syringol, mg/g): 10,5 - 20,1
3.
Purity criteria:
Lead: < 5,0 mg/kg
Arsenic: < 3,0 mg/kg
Cadmium: < 1,0 mg/kg
Mercury: < 1,0 mg/kg",Azelis Denmark A/S,Scansmoke PB 1110,SF-001,2. Fats and oils and fat and oil emulsions,0.002
Lundtoftegaardsvej 95; 2800 Lyngby; DENMARK,1 January 2014,1 January 2024,"1.
Source materials:
 90 % beech (Fagus sylvatica), 10 % oak (Quercus alba)
2.
Specifications:
pH: 2,1 - 2,9
Water: 47,0 - 56,0 %
Acid % (expressed as acetic acid): 8 - 12 %
Carbonyl compounds: 17 - 25 %
Phenols (as syringol, mg/g): 10,5 - 20,1
3.
Purity criteria:
Lead: < 5,0 mg/kg
Arsenic: < 3,0 mg/kg
Cadmium: < 1,0 mg/kg
Mercury: < 1,0 mg/kg",Azelis Denmark A/S,Scansmoke PB 1110,SF-001,3. Edible ices,0.005
Lundtoftegaardsvej 95; 2800 Lyngby; DENMARK,1 January 2014,1 January 2024,"1.
Source materials:
 90 % beech (Fagus sylvatica), 10 % oak (Quercus alba)
2.
Specifications:
pH: 2,1 - 2,9
Water: 47,0 - 56,0 %
Acid % (expressed as acetic acid): 8 - 12 %
Carbonyl compounds: 17 - 25 %
Phenols (as syringol, mg/g): 10,5 - 20,1
3.
Purity criteria:
Lead: < 5,0 mg/kg
Arsenic: < 3,0 mg/kg
Cadmium: < 1,0 mg/kg
Mercury: < 1,0 mg/kg",Azelis Denmark A/S,Scansmoke PB 1110,SF-001,5. Confectionery,0.05
Lundtoftegaardsvej 95; 2800 Lyngby; DENMARK,1 January 2014,1 January 2024,"1.
Source materials:
 90 % beech (Fagus sylvatica), 10 % oak (Quercus alba)
2.
Specifications:
pH: 2,1 - 2,9
Water: 47,0 - 56,0 %
Acid % (expressed as acetic acid): 8 - 12 %
Carbonyl compounds: 17 - 25 %
Phenols (as syringol, mg/g): 10,5 - 20,1
3.
Purity criteria:
Lead: < 5,0 mg/kg
Arsenic: < 3,0 mg/kg
Cadmium: < 1,0 mg/kg
Mercury: < 1,0 mg/kg",Azelis Denmark A/S,Scansmoke PB 1110,SF-001,8.1.2. Meat preparations as defined by Regulation (EC) No 853/2004 of the European Parliament and of the Council (2),2.0
Lundtoftegaardsvej 95; 2800 Lyngby; DENMARK,1 January 2014,1 January 2024,"1.
Source materials:
 90 % beech (Fagus sylvatica), 10 % oak (Quercus alba)
2.
Specifications:
pH: 2,1 - 2,9
Water: 47,0 - 56,0 %
Acid % (expressed as acetic acid): 8 - 12 %
Carbonyl compounds: 17 - 25 %
Phenols (as syringol, mg/g): 10,5 - 20,1
3.
Purity criteria:
Lead: < 5,0 mg/kg
Arsenic: < 3,0 mg/kg
Cadmium: < 1,0 mg/kg
Mercury: < 1,0 mg/kg",Azelis Denmark A/S,Scansmoke PB 1110,SF-001,8.2. Processed meat,2.0
Lundtoftegaardsvej 95; 2800 Lyngby; DENMARK,1 January 2014,1 January 2024,"1.
Source materials:
 90 % beech (Fagus sylvatica), 10 % oak (Quercus alba)
2.
Specifications:
pH: 2,1 - 2,9
Water: 47,0 - 56,0 %
Acid % (expressed as acetic acid): 8 - 12 %
Carbonyl compounds: 17 - 25 %
Phenols (as syringol, mg/g): 10,5 - 20,1
3.
Purity criteria:
Lead: < 5,0 mg/kg
Arsenic: < 3,0 mg/kg
Cadmium: < 1,0 mg/kg
Mercury: < 1,0 mg/kg",Azelis Denmark A/S,Scansmoke PB 1110,SF-001,9.2. Processed fish and fishery products including crustaceans and molluscs,2.0
Lundtoftegaardsvej 95; 2800 Lyngby; DENMARK,1 January 2014,1 January 2024,"1.
Source materials:
 90 % beech (Fagus sylvatica), 10 % oak (Quercus alba)
2.
Specifications:
pH: 2,1 - 2,9
Water: 47,0 - 56,0 %
Acid % (expressed as acetic acid): 8 - 12 %
Carbonyl compounds: 17 - 25 %
Phenols (as syringol, mg/g): 10,5 - 20,1
3.
Purity criteria:
Lead: < 5,0 mg/kg
Arsenic: < 3,0 mg/kg
Cadmium: < 1,0 mg/kg
Mercury: < 1,0 mg/kg",Azelis Denmark A/S,Scansmoke PB 1110,SF-001,9.3. Fish roe,2.0
Lundtoftegaardsvej 95; 2800 Lyngby; DENMARK,1 January 2014,1 January 2024,"1.
Source materials:
 90 % beech (Fagus sylvatica), 10 % oak (Quercus alba)
2.
Specifications:
pH: 2,1 - 2,9
Water: 47,0 - 56,0 %
Acid % (expressed as acetic acid): 8 - 12 %
Carbonyl compounds: 17 - 25 %
Phenols (as syringol, mg/g): 10,5 - 20,1
3.
Purity criteria:
Lead: < 5,0 mg/kg
Arsenic: < 3,0 mg/kg
Cadmium: < 1,0 mg/kg
Mercury: < 1,0 mg/kg",Azelis Denmark A/S,Scansmoke PB 1110,SF-001,"12.2. Herbs, spices, seasonings",2.3
Lundtoftegaardsvej 95; 2800 Lyngby; DENMARK,1 January 2014,1 January 2024,"1.
Source materials:
 90 % beech (Fagus sylvatica), 10 % oak (Quercus alba)
2.
Specifications:
pH: 2,1 - 2,9
Water: 47,0 - 56,0 %
Acid % (expressed as acetic acid): 8 - 12 %
Carbonyl compounds: 17 - 25 %
Phenols (as syringol, mg/g): 10,5 - 20,1
3.
Purity criteria:
Lead: < 5,0 mg/kg
Arsenic: < 3,0 mg/kg
Cadmium: < 1,0 mg/kg
Mercury: < 1,0 mg/kg",Azelis Denmark A/S,Scansmoke PB 1110,SF-001,12.5. Soups and broths,0.23
Lundtoftegaardsvej 95; 2800 Lyngby; DENMARK,1 January 2014,1 January 2024,"1.
Source materials:
 90 % beech (Fagus sylvatica), 10 % oak (Quercus alba)
2.
Specifications:
pH: 2,1 - 2,9
Water: 47,0 - 56,0 %
Acid % (expressed as acetic acid): 8 - 12 %
Carbonyl compounds: 17 - 25 %
Phenols (as syringol, mg/g): 10,5 - 20,1
3.
Purity criteria:
Lead: < 5,0 mg/kg
Arsenic: < 3,0 mg/kg
Cadmium: < 1,0 mg/kg
Mercury: < 1,0 mg/kg",Azelis Denmark A/S,Scansmoke PB 1110,SF-001,12.6. Sauces,1.0
Lundtoftegaardsvej 95; 2800 Lyngby; DENMARK,1 January 2014,1 January 2024,"1.
Source materials:
 90 % beech (Fagus sylvatica), 10 % oak (Quercus alba)
2.
Specifications:
pH: 2,1 - 2,9
Water: 47,0 - 56,0 %
Acid % (expressed as acetic acid): 8 - 12 %
Carbonyl compounds: 17 - 25 %
Phenols (as syringol, mg/g): 10,5 - 20,1
3.
Purity criteria:
Lead: < 5,0 mg/kg
Arsenic: < 3,0 mg/kg
Cadmium: < 1,0 mg/kg
Mercury: < 1,0 mg/kg",Azelis Denmark A/S,Scansmoke PB 1110,SF-001,12.7. Salads and savoury based sandwich spreads,0.23
Lundtoftegaardsvej 95; 2800 Lyngby; DENMARK,1 January 2014,1 January 2024,"1.
Source materials:
 90 % beech (Fagus sylvatica), 10 % oak (Quercus alba)
2.
Specifications:
pH: 2,1 - 2,9
Water: 47,0 - 56,0 %
Acid % (expressed as acetic acid): 8 - 12 %
Carbonyl compounds: 17 - 25 %
Phenols (as syringol, mg/g): 10,5 - 20,1
3.
Purity criteria:
Lead: < 5,0 mg/kg
Arsenic: < 3,0 mg/kg
Cadmium: < 1,0 mg/kg
Mercury: < 1,0 mg/kg",Azelis Denmark A/S,Scansmoke PB 1110,SF-001,14.1. Non-alcoholic beverages,0.02
Lundtoftegaardsvej 95; 2800 Lyngby; DENMARK,1 January 2014,1 January 2024,"1.
Source materials:
 90 % beech (Fagus sylvatica), 10 % oak (Quercus alba)
2.
Specifications:
pH: 2,1 - 2,9
Water: 47,0 - 56,0 %
Acid % (expressed as acetic acid): 8 - 12 %
Carbonyl compounds: 17 - 25 %
Phenols (as syringol, mg/g): 10,5 - 20,1
3.
Purity criteria:
Lead: < 5,0 mg/kg
Arsenic: < 3,0 mg/kg
Cadmium: < 1,0 mg/kg
Mercury: < 1,0 mg/kg",Azelis Denmark A/S,Scansmoke PB 1110,SF-001,"14.2. Alcoholic beverages, including alcohol-free and low-alcohol counterparts",0.02
Lundtoftegaardsvej 95; 2800 Lyngby; DENMARK,1 January 2014,1 January 2024,"1.
Source materials:
 90 % beech (Fagus sylvatica), 10 % oak (Quercus alba)
2.
Specifications:
pH: 2,1 - 2,9
Water: 47,0 - 56,0 %
Acid % (expressed as acetic acid): 8 - 12 %
Carbonyl compounds: 17 - 25 %
Phenols (as syringol, mg/g): 10,5 - 20,1
3.
Purity criteria:
Lead: < 5,0 mg/kg
Arsenic: < 3,0 mg/kg
Cadmium: < 1,0 mg/kg
Mercury: < 1,0 mg/kg",Azelis Denmark A/S,Scansmoke PB 1110,SF-001,15. Ready-to-eat savouries and snacks,2.0
Draycott Mills; Cam; Dursley; Gloucestershire GL11 5NA; UNITED KINGDOM,1 January 2014,1 January 2024,"1.
Source material:
 50 - 60 % of hickory (Carya ovata), 40 - 50 % oak (Quercus alba)
2.
Specifications:
pH: 2,0 - 2,5
Water: 62,3 - 65,7 %
Acid % (expressed as acetic acid): 10,5 - 11 %
Carbonyl compounds (g/100 ml): 15 - 25
Phenols (mg/ml): 12 - 22
3.
Purity criteria:
Lead: < 5,0 mg/kg
Arsenic: < 3,0 mg/kg
Cadmium: < 1,0 mg/kg
Mercury: < 1,0 mg/kg",Mastertaste,Zesti Smoke Code 10,SF-002,1.7. Cheese and cheese products,0.50
Draycott Mills; Cam; Dursley; Gloucestershire GL11 5NA; UNITED KINGDOM,1 January 2014,1 January 2024,"1.
Source material:
 50 - 60 % of hickory (Carya ovata), 40 - 50 % oak (Quercus alba)
2.
Specifications:
pH: 2,0 - 2,5
Water: 62,3 - 65,7 %
Acid % (expressed as acetic acid): 10,5 - 11 %
Carbonyl compounds (g/100 ml): 15 - 25
Phenols (mg/ml): 12 - 22
3.
Purity criteria:
Lead: < 5,0 mg/kg
Arsenic: < 3,0 mg/kg
Cadmium: < 1,0 mg/kg
Mercury: < 1,0 mg/kg",Mastertaste,Zesti Smoke Code 10,SF-002,"1.8. Dairy analogues, including beverage whiteners",0.50
Draycott Mills; Cam; Dursley; Gloucestershire GL11 5NA; UNITED KINGDOM,1 January 2014,1 January 2024,"1.
Source material:
 50 - 60 % of hickory (Carya ovata), 40 - 50 % oak (Quercus alba)
2.
Specifications:
pH: 2,0 - 2,5
Water: 62,3 - 65,7 %
Acid % (expressed as acetic acid): 10,5 - 11 %
Carbonyl compounds (g/100 ml): 15 - 25
Phenols (mg/ml): 12 - 22
3.
Purity criteria:
Lead: < 5,0 mg/kg
Arsenic: < 3,0 mg/kg
Cadmium: < 1,0 mg/kg
Mercury: < 1,0 mg/kg",Mastertaste,Zesti Smoke Code 10,SF-002,4.2. Processed fruits and vegetables,0.30
Draycott Mills; Cam; Dursley; Gloucestershire GL11 5NA; UNITED KINGDOM,1 January 2014,1 January 2024,"1.
Source material:
 50 - 60 % of hickory (Carya ovata), 40 - 50 % oak (Quercus alba)
2.
Specifications:
pH: 2,0 - 2,5
Water: 62,3 - 65,7 %
Acid % (expressed as acetic acid): 10,5 - 11 %
Carbonyl compounds (g/100 ml): 15 - 25
Phenols (mg/ml): 12 - 22
3.
Purity criteria:
Lead: < 5,0 mg/kg
Arsenic: < 3,0 mg/kg
Cadmium: < 1,0 mg/kg
Mercury: < 1,0 mg/kg",Mastertaste,Zesti Smoke Code 10,SF-002,8.1.2. Meat preparations as defined by Regulation (EC) No 853/2004,2.5
Draycott Mills; Cam; Dursley; Gloucestershire GL11 5NA; UNITED KINGDOM,1 January 2014,1 January 2024,"1.
Source material:
 50 - 60 % of hickory (Carya ovata), 40 - 50 % oak (Quercus alba)
2.
Specifications:
pH: 2,0 - 2,5
Water: 62,3 - 65,7 %
Acid % (expressed as acetic acid): 10,5 - 11 %
Carbonyl compounds (g/100 ml): 15 - 25
Phenols (mg/ml): 12 - 22
3.
Purity criteria:
Lead: < 5,0 mg/kg
Arsenic: < 3,0 mg/kg
Cadmium: < 1,0 mg/kg
Mercury: < 1,0 mg/kg",Mastertaste,Zesti Smoke Code 10,SF-002,8.2. Processed meat,2.5
Draycott Mills; Cam; Dursley; Gloucestershire GL11 5NA; UNITED KINGDOM,1 January 2014,1 January 2024,"1.
Source material:
 50 - 60 % of hickory (Carya ovata), 40 - 50 % oak (Quercus alba)
2.
Specifications:
pH: 2,0 - 2,5
Water: 62,3 - 65,7 %
Acid % (expressed as acetic acid): 10,5 - 11 %
Carbonyl compounds (g/100 ml): 15 - 25
Phenols (mg/ml): 12 - 22
3.
Purity criteria:
Lead: < 5,0 mg/kg
Arsenic: < 3,0 mg/kg
Cadmium: < 1,0 mg/kg
Mercury: < 1,0 mg/kg",Mastertaste,Zesti Smoke Code 10,SF-002,9.2. Processed fish and fishery products including crustaceans and molluscs,2.0
Draycott Mills; Cam; Dursley; Gloucestershire GL11 5NA; UNITED KINGDOM,1 January 2014,1 January 2024,"1.
Source material:
 50 - 60 % of hickory (Carya ovata), 40 - 50 % oak (Quercus alba)
2.
Specifications:
pH: 2,0 - 2,5
Water: 62,3 - 65,7 %
Acid % (expressed as acetic acid): 10,5 - 11 %
Carbonyl compounds (g/100 ml): 15 - 25
Phenols (mg/ml): 12 - 22
3.
Purity criteria:
Lead: < 5,0 mg/kg
Arsenic: < 3,0 mg/kg
Cadmium: < 1,0 mg/kg
Mercury: < 1,0 mg/kg",Mastertaste,Zesti Smoke Code 10,SF-002,9.3. Fish roe,2.0
Draycott Mills; Cam; Dursley; Gloucestershire GL11 5NA; UNITED KINGDOM,1 January 2014,1 January 2024,"1.
Source material:
 50 - 60 % of hickory (Carya ovata), 40 - 50 % oak (Quercus alba)
2.
Specifications:
pH: 2,0 - 2,5
Water: 62,3 - 65,7 %
Acid % (expressed as acetic acid): 10,5 - 11 %
Carbonyl compounds (g/100 ml): 15 - 25
Phenols (mg/ml): 12 - 22
3.
Purity criteria:
Lead: < 5,0 mg/kg
Arsenic: < 3,0 mg/kg
Cadmium: < 1,0 mg/kg
Mercury: < 1,0 mg/kg",Mastertaste,Zesti Smoke Code 10,SF-002,"12.2. Herbs, spices, seasonings",3.0
Draycott Mills; Cam; Dursley; Gloucestershire GL11 5NA; UNITED KINGDOM,1 January 2014,1 January 2024,"1.
Source material:
 50 - 60 % of hickory (Carya ovata), 40 - 50 % oak (Quercus alba)
2.
Specifications:
pH: 2,0 - 2,5
Water: 62,3 - 65,7 %
Acid % (expressed as acetic acid): 10,5 - 11 %
Carbonyl compounds (g/100 ml): 15 - 25
Phenols (mg/ml): 12 - 22
3.
Purity criteria:
Lead: < 5,0 mg/kg
Arsenic: < 3,0 mg/kg
Cadmium: < 1,0 mg/kg
Mercury: < 1,0 mg/kg",Mastertaste,Zesti Smoke Code 10,SF-002,12.5. Soups and broths,0.30
Draycott Mills; Cam; Dursley; Gloucestershire GL11 5NA; UNITED KINGDOM,1 January 2014,1 January 2024,"1.
Source material:
 50 - 60 % of hickory (Carya ovata), 40 - 50 % oak (Quercus alba)
2.
Specifications:
pH: 2,0 - 2,5
Water: 62,3 - 65,7 %
Acid % (expressed as acetic acid): 10,5 - 11 %
Carbonyl compounds (g/100 ml): 15 - 25
Phenols (mg/ml): 12 - 22
3.
Purity criteria:
Lead: < 5,0 mg/kg
Arsenic: < 3,0 mg/kg
Cadmium: < 1,0 mg/kg
Mercury: < 1,0 mg/kg",Mastertaste,Zesti Smoke Code 10,SF-002,12.6. Sauces,1.0
Draycott Mills; Cam; Dursley; Gloucestershire GL11 5NA; UNITED KINGDOM,1 January 2014,1 January 2024,"1.
Source material:
 50 - 60 % of hickory (Carya ovata), 40 - 50 % oak (Quercus alba)
2.
Specifications:
pH: 2,0 - 2,5
Water: 62,3 - 65,7 %
Acid % (expressed as acetic acid): 10,5 - 11 %
Carbonyl compounds (g/100 ml): 15 - 25
Phenols (mg/ml): 12 - 22
3.
Purity criteria:
Lead: < 5,0 mg/kg
Arsenic: < 3,0 mg/kg
Cadmium: < 1,0 mg/kg
Mercury: < 1,0 mg/kg",Mastertaste,Zesti Smoke Code 10,SF-002,"12.9. Protein products, excluding products covered in category 1.8",1.0
Draycott Mills; Cam; Dursley; Gloucestershire GL11 5NA; UNITED KINGDOM,1 January 2014,1 January 2024,"1.
Source material:
 50 - 60 % of hickory (Carya ovata), 40 - 50 % oak (Quercus alba)
2.
Specifications:
pH: 2,0 - 2,5
Water: 62,3 - 65,7 %
Acid % (expressed as acetic acid): 10,5 - 11 %
Carbonyl compounds (g/100 ml): 15 - 25
Phenols (mg/ml): 12 - 22
3.
Purity criteria:
Lead: < 5,0 mg/kg
Arsenic: < 3,0 mg/kg
Cadmium: < 1,0 mg/kg
Mercury: < 1,0 mg/kg",Mastertaste,Zesti Smoke Code 10,SF-002,15. Ready-to-eat savouries and snacks,3.0
Mühlenfeldstraße 1; 37603 Holzminden; GERMANY,1 January 2014,1 January 2024,"1.
Source material:
 Beech (Fagus sylvatica)
2.
Specifications:
pH: 2 - 3
Water: 5 - 15 %
Acid % (expressed as acetic acid): 8 - 15 %
Carbonyl compounds: 10 - 20 %
Phenols: 0,2 - 0,6 %
3.
Purity criteria:
Lead: < 5 mg/kg
Arsenic: < 3 mg/kg
Cadmium: < 1 mg/kg
Mercury: < 1 mg/kg",Symrise AG,Smoke Concentrate 809045,SF-003,1. Dairy products and analogue,0.50
Mühlenfeldstraße 1; 37603 Holzminden; GERMANY,1 January 2014,1 January 2024,"1.
Source material:
 Beech (Fagus sylvatica)
2.
Specifications:
pH: 2 - 3
Water: 5 - 15 %
Acid % (expressed as acetic acid): 8 - 15 %
Carbonyl compounds: 10 - 20 %
Phenols: 0,2 - 0,6 %
3.
Purity criteria:
Lead: < 5 mg/kg
Arsenic: < 3 mg/kg
Cadmium: < 1 mg/kg
Mercury: < 1 mg/kg",Symrise AG,Smoke Concentrate 809045,SF-003,4.2. Processed fruits and vegetables,0.30
Mühlenfeldstraße 1; 37603 Holzminden; GERMANY,1 January 2014,1 January 2024,"1.
Source material:
 Beech (Fagus sylvatica)
2.
Specifications:
pH: 2 - 3
Water: 5 - 15 %
Acid % (expressed as acetic acid): 8 - 15 %
Carbonyl compounds: 10 - 20 %
Phenols: 0,2 - 0,6 %
3.
Purity criteria:
Lead: < 5 mg/kg
Arsenic: < 3 mg/kg
Cadmium: < 1 mg/kg
Mercury: < 1 mg/kg",Symrise AG,Smoke Concentrate 809045,SF-003,6.4.5. Fillings of stuffed pasta (ravioli and similar),1.0
Mühlenfeldstraße 1; 37603 Holzminden; GERMANY,1 January 2014,1 January 2024,"1.
Source material:
 Beech (Fagus sylvatica)
2.
Specifications:
pH: 2 - 3
Water: 5 - 15 %
Acid % (expressed as acetic acid): 8 - 15 %
Carbonyl compounds: 10 - 20 %
Phenols: 0,2 - 0,6 %
3.
Purity criteria:
Lead: < 5 mg/kg
Arsenic: < 3 mg/kg
Cadmium: < 1 mg/kg
Mercury: < 1 mg/kg",Symrise AG,Smoke Concentrate 809045,SF-003,7.1. Breads and rolls,0.60
Mühlenfeldstraße 1; 37603 Holzminden; GERMANY,1 January 2014,1 January 2024,"1.
Source material:
 Beech (Fagus sylvatica)
2.
Specifications:
pH: 2 - 3
Water: 5 - 15 %
Acid % (expressed as acetic acid): 8 - 15 %
Carbonyl compounds: 10 - 20 %
Phenols: 0,2 - 0,6 %
3.
Purity criteria:
Lead: < 5 mg/kg
Arsenic: < 3 mg/kg
Cadmium: < 1 mg/kg
Mercury: < 1 mg/kg",Symrise AG,Smoke Concentrate 809045,SF-003,7.2. Fine bakery wares,0.60
Mühlenfeldstraße 1; 37603 Holzminden; GERMANY,1 January 2014,1 January 2024,"1.
Source material:
 Beech (Fagus sylvatica)
2.
Specifications:
pH: 2 - 3
Water: 5 - 15 %
Acid % (expressed as acetic acid): 8 - 15 %
Carbonyl compounds: 10 - 20 %
Phenols: 0,2 - 0,6 %
3.
Purity criteria:
Lead: < 5 mg/kg
Arsenic: < 3 mg/kg
Cadmium: < 1 mg/kg
Mercury: < 1 mg/kg",Symrise AG,Smoke Concentrate 809045,SF-003,8. Meat,0.60
Mühlenfeldstraße 1; 37603 Holzminden; GERMANY,1 January 2014,1 January 2024,"1.
Source material:
 Beech (Fagus sylvatica)
2.
Specifications:
pH: 2 - 3
Water: 5 - 15 %
Acid % (expressed as acetic acid): 8 - 15 %
Carbonyl compounds: 10 - 20 %
Phenols: 0,2 - 0,6 %
3.
Purity criteria:
Lead: < 5 mg/kg
Arsenic: < 3 mg/kg
Cadmium: < 1 mg/kg
Mercury: < 1 mg/kg",Symrise AG,Smoke Concentrate 809045,SF-003,9.2. Processed fish and fishery products including crustaceans and molluscs,0.60
Mühlenfeldstraße 1; 37603 Holzminden; GERMANY,1 January 2014,1 January 2024,"1.
Source material:
 Beech (Fagus sylvatica)
2.
Specifications:
pH: 2 - 3
Water: 5 - 15 %
Acid % (expressed as acetic acid): 8 - 15 %
Carbonyl compounds: 10 - 20 %
Phenols: 0,2 - 0,6 %
3.
Purity criteria:
Lead: < 5 mg/kg
Arsenic: < 3 mg/kg
Cadmium: < 1 mg/kg
Mercury: < 1 mg/kg",Symrise AG,Smoke Concentrate 809045,SF-003,9.3. Fish roe,0.60
Mühlenfeldstraße 1; 37603 Holzminden; GERMANY,1 January 2014,1 January 2024,"1.
Source material:
 Beech (Fagus sylvatica)
2.
Specifications:
pH: 2 - 3
Water: 5 - 15 %
Acid % (expressed as acetic acid): 8 - 15 %
Carbonyl compounds: 10 - 20 %
Phenols: 0,2 - 0,6 %
3.
Purity criteria:
Lead: < 5 mg/kg
Arsenic: < 3 mg/kg
Cadmium: < 1 mg/kg
Mercury: < 1 mg/kg",Symrise AG,Smoke Concentrate 809045,SF-003,"12.2. Herbs, spices, seasonings",3.0
Mühlenfeldstraße 1; 37603 Holzminden; GERMANY,1 January 2014,1 January 2024,"1.
Source material:
 Beech (Fagus sylvatica)
2.
Specifications:
pH: 2 - 3
Water: 5 - 15 %
Acid % (expressed as acetic acid): 8 - 15 %
Carbonyl compounds: 10 - 20 %
Phenols: 0,2 - 0,6 %
3.
Purity criteria:
Lead: < 5 mg/kg
Arsenic: < 3 mg/kg
Cadmium: < 1 mg/kg
Mercury: < 1 mg/kg",Symrise AG,Smoke Concentrate 809045,SF-003,12.5. Soups and broths,0.60
Mühlenfeldstraße 1; 37603 Holzminden; GERMANY,1 January 2014,1 January 2024,"1.
Source material:
 Beech (Fagus sylvatica)
2.
Specifications:
pH: 2 - 3
Water: 5 - 15 %
Acid % (expressed as acetic acid): 8 - 15 %
Carbonyl compounds: 10 - 20 %
Phenols: 0,2 - 0,6 %
3.
Purity criteria:
Lead: < 5 mg/kg
Arsenic: < 3 mg/kg
Cadmium: < 1 mg/kg
Mercury: < 1 mg/kg",Symrise AG,Smoke Concentrate 809045,SF-003,12.6. Sauces,4.0
Mühlenfeldstraße 1; 37603 Holzminden; GERMANY,1 January 2014,1 January 2024,"1.
Source material:
 Beech (Fagus sylvatica)
2.
Specifications:
pH: 2 - 3
Water: 5 - 15 %
Acid % (expressed as acetic acid): 8 - 15 %
Carbonyl compounds: 10 - 20 %
Phenols: 0,2 - 0,6 %
3.
Purity criteria:
Lead: < 5 mg/kg
Arsenic: < 3 mg/kg
Cadmium: < 1 mg/kg
Mercury: < 1 mg/kg",Symrise AG,Smoke Concentrate 809045,SF-003,12.7. Salads and savoury based sandwich spreads,1.0
Mühlenfeldstraße 1; 37603 Holzminden; GERMANY,1 January 2014,1 January 2024,"1.
Source material:
 Beech (Fagus sylvatica)
2.
Specifications:
pH: 2 - 3
Water: 5 - 15 %
Acid % (expressed as acetic acid): 8 - 15 %
Carbonyl compounds: 10 - 20 %
Phenols: 0,2 - 0,6 %
3.
Purity criteria:
Lead: < 5 mg/kg
Arsenic: < 3 mg/kg
Cadmium: < 1 mg/kg
Mercury: < 1 mg/kg",Symrise AG,Smoke Concentrate 809045,SF-003,"12.9. Protein products, excluding products covered in category 1.8",1.0
Mühlenfeldstraße 1; 37603 Holzminden; GERMANY,1 January 2014,1 January 2024,"1.
Source material:
 Beech (Fagus sylvatica)
2.
Specifications:
pH: 2 - 3
Water: 5 - 15 %
Acid % (expressed as acetic acid): 8 - 15 %
Carbonyl compounds: 10 - 20 %
Phenols: 0,2 - 0,6 %
3.
Purity criteria:
Lead: < 5 mg/kg
Arsenic: < 3 mg/kg
Cadmium: < 1 mg/kg
Mercury: < 1 mg/kg",Symrise AG,Smoke Concentrate 809045,SF-003,15. Ready-to-eat savouries and snacks,3.0
Lundtoftegaardsvej 95; 2800 Lyngby; DENMARK,1 January 2014,1 January 2024,"1.
Source materials:
 35 % red oak (Quercus rubra), 35 % white oak (Quercus alba), 10 % maple (Acer saccharum), 10 % beech (Fagus grandifolia) and 10 % hickory (Carya ovata).
2.
Specifications:
Water: 0,3 - 0,9 wt. %
Acid (expressed as acetic acid): 0,09 - 0,25 meq/g
Carbonyl compounds: 1,2 - 3,0 wt. %
Phenols: 8 - 12 wt. %
3.
Purity criteria:
Lead: < 5,0 mg/kg
Arsenic: < 3,0 mg/kg
Cadmium: < 1,0 mg/kg
Mercury: < 1,0 mg/kg",Azelis Denmark A/S,Scansmoke SEF 7525,SF-004,1. Dairy products and analogue,0.16
Lundtoftegaardsvej 95; 2800 Lyngby; DENMARK,1 January 2014,1 January 2024,"1.
Source materials:
 35 % red oak (Quercus rubra), 35 % white oak (Quercus alba), 10 % maple (Acer saccharum), 10 % beech (Fagus grandifolia) and 10 % hickory (Carya ovata).
2.
Specifications:
Water: 0,3 - 0,9 wt. %
Acid (expressed as acetic acid): 0,09 - 0,25 meq/g
Carbonyl compounds: 1,2 - 3,0 wt. %
Phenols: 8 - 12 wt. %
3.
Purity criteria:
Lead: < 5,0 mg/kg
Arsenic: < 3,0 mg/kg
Cadmium: < 1,0 mg/kg
Mercury: < 1,0 mg/kg",Azelis Denmark A/S,Scansmoke SEF 7525,SF-004,2. Fats and oils and fat and oil emulsions,0.05
Lundtoftegaardsvej 95; 2800 Lyngby; DENMARK,1 January 2014,1 January 2024,"1.
Source materials:
 35 % red oak (Quercus rubra), 35 % white oak (Quercus alba), 10 % maple (Acer saccharum), 10 % beech (Fagus grandifolia) and 10 % hickory (Carya ovata).
2.
Specifications:
Water: 0,3 - 0,9 wt. %
Acid (expressed as acetic acid): 0,09 - 0,25 meq/g
Carbonyl compounds: 1,2 - 3,0 wt. %
Phenols: 8 - 12 wt. %
3.
Purity criteria:
Lead: < 5,0 mg/kg
Arsenic: < 3,0 mg/kg
Cadmium: < 1,0 mg/kg
Mercury: < 1,0 mg/kg",Azelis Denmark A/S,Scansmoke SEF 7525,SF-004,4.2. Processed fruits and vegetables,0.05
Lundtoftegaardsvej 95; 2800 Lyngby; DENMARK,1 January 2014,1 January 2024,"1.
Source materials:
 35 % red oak (Quercus rubra), 35 % white oak (Quercus alba), 10 % maple (Acer saccharum), 10 % beech (Fagus grandifolia) and 10 % hickory (Carya ovata).
2.
Specifications:
Water: 0,3 - 0,9 wt. %
Acid (expressed as acetic acid): 0,09 - 0,25 meq/g
Carbonyl compounds: 1,2 - 3,0 wt. %
Phenols: 8 - 12 wt. %
3.
Purity criteria:
Lead: < 5,0 mg/kg
Arsenic: < 3,0 mg/kg
Cadmium: < 1,0 mg/kg
Mercury: < 1,0 mg/kg",Azelis Denmark A/S,Scansmoke SEF 7525,SF-004,5. Confectionery,0.08
Lundtoftegaardsvej 95; 2800 Lyngby; DENMARK,1 January 2014,1 January 2024,"1.
Source materials:
 35 % red oak (Quercus rubra), 35 % white oak (Quercus alba), 10 % maple (Acer saccharum), 10 % beech (Fagus grandifolia) and 10 % hickory (Carya ovata).
2.
Specifications:
Water: 0,3 - 0,9 wt. %
Acid (expressed as acetic acid): 0,09 - 0,25 meq/g
Carbonyl compounds: 1,2 - 3,0 wt. %
Phenols: 8 - 12 wt. %
3.
Purity criteria:
Lead: < 5,0 mg/kg
Arsenic: < 3,0 mg/kg
Cadmium: < 1,0 mg/kg
Mercury: < 1,0 mg/kg",Azelis Denmark A/S,Scansmoke SEF 7525,SF-004,6. Cereals and cereal products,0.05
Lundtoftegaardsvej 95; 2800 Lyngby; DENMARK,1 January 2014,1 January 2024,"1.
Source materials:
 35 % red oak (Quercus rubra), 35 % white oak (Quercus alba), 10 % maple (Acer saccharum), 10 % beech (Fagus grandifolia) and 10 % hickory (Carya ovata).
2.
Specifications:
Water: 0,3 - 0,9 wt. %
Acid (expressed as acetic acid): 0,09 - 0,25 meq/g
Carbonyl compounds: 1,2 - 3,0 wt. %
Phenols: 8 - 12 wt. %
3.
Purity criteria:
Lead: < 5,0 mg/kg
Arsenic: < 3,0 mg/kg
Cadmium: < 1,0 mg/kg
Mercury: < 1,0 mg/kg",Azelis Denmark A/S,Scansmoke SEF 7525,SF-004,7.1. Breads and rolls,0.08
Lundtoftegaardsvej 95; 2800 Lyngby; DENMARK,1 January 2014,1 January 2024,"1.
Source materials:
 35 % red oak (Quercus rubra), 35 % white oak (Quercus alba), 10 % maple (Acer saccharum), 10 % beech (Fagus grandifolia) and 10 % hickory (Carya ovata).
2.
Specifications:
Water: 0,3 - 0,9 wt. %
Acid (expressed as acetic acid): 0,09 - 0,25 meq/g
Carbonyl compounds: 1,2 - 3,0 wt. %
Phenols: 8 - 12 wt. %
3.
Purity criteria:
Lead: < 5,0 mg/kg
Arsenic: < 3,0 mg/kg
Cadmium: < 1,0 mg/kg
Mercury: < 1,0 mg/kg",Azelis Denmark A/S,Scansmoke SEF 7525,SF-004,7.2. Fine bakery wares,0.08
Lundtoftegaardsvej 95; 2800 Lyngby; DENMARK,1 January 2014,1 January 2024,"1.
Source materials:
 35 % red oak (Quercus rubra), 35 % white oak (Quercus alba), 10 % maple (Acer saccharum), 10 % beech (Fagus grandifolia) and 10 % hickory (Carya ovata).
2.
Specifications:
Water: 0,3 - 0,9 wt. %
Acid (expressed as acetic acid): 0,09 - 0,25 meq/g
Carbonyl compounds: 1,2 - 3,0 wt. %
Phenols: 8 - 12 wt. %
3.
Purity criteria:
Lead: < 5,0 mg/kg
Arsenic: < 3,0 mg/kg
Cadmium: < 1,0 mg/kg
Mercury: < 1,0 mg/kg",Azelis Denmark A/S,Scansmoke SEF 7525,SF-004,8. Meat,0.16
Lundtoftegaardsvej 95; 2800 Lyngby; DENMARK,1 January 2014,1 January 2024,"1.
Source materials:
 35 % red oak (Quercus rubra), 35 % white oak (Quercus alba), 10 % maple (Acer saccharum), 10 % beech (Fagus grandifolia) and 10 % hickory (Carya ovata).
2.
Specifications:
Water: 0,3 - 0,9 wt. %
Acid (expressed as acetic acid): 0,09 - 0,25 meq/g
Carbonyl compounds: 1,2 - 3,0 wt. %
Phenols: 8 - 12 wt. %
3.
Purity criteria:
Lead: < 5,0 mg/kg
Arsenic: < 3,0 mg/kg
Cadmium: < 1,0 mg/kg
Mercury: < 1,0 mg/kg",Azelis Denmark A/S,Scansmoke SEF 7525,SF-004,9.2. Processed fish and fishery products including crustaceans and molluscs,0.16
Lundtoftegaardsvej 95; 2800 Lyngby; DENMARK,1 January 2014,1 January 2024,"1.
Source materials:
 35 % red oak (Quercus rubra), 35 % white oak (Quercus alba), 10 % maple (Acer saccharum), 10 % beech (Fagus grandifolia) and 10 % hickory (Carya ovata).
2.
Specifications:
Water: 0,3 - 0,9 wt. %
Acid (expressed as acetic acid): 0,09 - 0,25 meq/g
Carbonyl compounds: 1,2 - 3,0 wt. %
Phenols: 8 - 12 wt. %
3.
Purity criteria:
Lead: < 5,0 mg/kg
Arsenic: < 3,0 mg/kg
Cadmium: < 1,0 mg/kg
Mercury: < 1,0 mg/kg",Azelis Denmark A/S,Scansmoke SEF 7525,SF-004,9.3. Fish roe,0.16
Lundtoftegaardsvej 95; 2800 Lyngby; DENMARK,1 January 2014,1 January 2024,"1.
Source materials:
 35 % red oak (Quercus rubra), 35 % white oak (Quercus alba), 10 % maple (Acer saccharum), 10 % beech (Fagus grandifolia) and 10 % hickory (Carya ovata).
2.
Specifications:
Water: 0,3 - 0,9 wt. %
Acid (expressed as acetic acid): 0,09 - 0,25 meq/g
Carbonyl compounds: 1,2 - 3,0 wt. %
Phenols: 8 - 12 wt. %
3.
Purity criteria:
Lead: < 5,0 mg/kg
Arsenic: < 3,0 mg/kg
Cadmium: < 1,0 mg/kg
Mercury: < 1,0 mg/kg",Azelis Denmark A/S,Scansmoke SEF 7525,SF-004,10.2. Processed eggs and egg products,0.05
Lundtoftegaardsvej 95; 2800 Lyngby; DENMARK,1 January 2014,1 January 2024,"1.
Source materials:
 35 % red oak (Quercus rubra), 35 % white oak (Quercus alba), 10 % maple (Acer saccharum), 10 % beech (Fagus grandifolia) and 10 % hickory (Carya ovata).
2.
Specifications:
Water: 0,3 - 0,9 wt. %
Acid (expressed as acetic acid): 0,09 - 0,25 meq/g
Carbonyl compounds: 1,2 - 3,0 wt. %
Phenols: 8 - 12 wt. %
3.
Purity criteria:
Lead: < 5,0 mg/kg
Arsenic: < 3,0 mg/kg
Cadmium: < 1,0 mg/kg
Mercury: < 1,0 mg/kg",Azelis Denmark A/S,Scansmoke SEF 7525,SF-004,"12.2. Herbs, spices, seasonings",0.18
Lundtoftegaardsvej 95; 2800 Lyngby; DENMARK,1 January 2014,1 January 2024,"1.
Source materials:
 35 % red oak (Quercus rubra), 35 % white oak (Quercus alba), 10 % maple (Acer saccharum), 10 % beech (Fagus grandifolia) and 10 % hickory (Carya ovata).
2.
Specifications:
Water: 0,3 - 0,9 wt. %
Acid (expressed as acetic acid): 0,09 - 0,25 meq/g
Carbonyl compounds: 1,2 - 3,0 wt. %
Phenols: 8 - 12 wt. %
3.
Purity criteria:
Lead: < 5,0 mg/kg
Arsenic: < 3,0 mg/kg
Cadmium: < 1,0 mg/kg
Mercury: < 1,0 mg/kg",Azelis Denmark A/S,Scansmoke SEF 7525,SF-004,12.5. Soups and broths,0.05
Lundtoftegaardsvej 95; 2800 Lyngby; DENMARK,1 January 2014,1 January 2024,"1.
Source materials:
 35 % red oak (Quercus rubra), 35 % white oak (Quercus alba), 10 % maple (Acer saccharum), 10 % beech (Fagus grandifolia) and 10 % hickory (Carya ovata).
2.
Specifications:
Water: 0,3 - 0,9 wt. %
Acid (expressed as acetic acid): 0,09 - 0,25 meq/g
Carbonyl compounds: 1,2 - 3,0 wt. %
Phenols: 8 - 12 wt. %
3.
Purity criteria:
Lead: < 5,0 mg/kg
Arsenic: < 3,0 mg/kg
Cadmium: < 1,0 mg/kg
Mercury: < 1,0 mg/kg",Azelis Denmark A/S,Scansmoke SEF 7525,SF-004,12.6. Sauces,0.05
Lundtoftegaardsvej 95; 2800 Lyngby; DENMARK,1 January 2014,1 January 2024,"1.
Source materials:
 35 % red oak (Quercus rubra), 35 % white oak (Quercus alba), 10 % maple (Acer saccharum), 10 % beech (Fagus grandifolia) and 10 % hickory (Carya ovata).
2.
Specifications:
Water: 0,3 - 0,9 wt. %
Acid (expressed as acetic acid): 0,09 - 0,25 meq/g
Carbonyl compounds: 1,2 - 3,0 wt. %
Phenols: 8 - 12 wt. %
3.
Purity criteria:
Lead: < 5,0 mg/kg
Arsenic: < 3,0 mg/kg
Cadmium: < 1,0 mg/kg
Mercury: < 1,0 mg/kg",Azelis Denmark A/S,Scansmoke SEF 7525,SF-004,12.7. Salads and savoury based sandwich spreads,0.05
Lundtoftegaardsvej 95; 2800 Lyngby; DENMARK,1 January 2014,1 January 2024,"1.
Source materials:
 35 % red oak (Quercus rubra), 35 % white oak (Quercus alba), 10 % maple (Acer saccharum), 10 % beech (Fagus grandifolia) and 10 % hickory (Carya ovata).
2.
Specifications:
Water: 0,3 - 0,9 wt. %
Acid (expressed as acetic acid): 0,09 - 0,25 meq/g
Carbonyl compounds: 1,2 - 3,0 wt. %
Phenols: 8 - 12 wt. %
3.
Purity criteria:
Lead: < 5,0 mg/kg
Arsenic: < 3,0 mg/kg
Cadmium: < 1,0 mg/kg
Mercury: < 1,0 mg/kg",Azelis Denmark A/S,Scansmoke SEF 7525,SF-004,"12.9. Protein products, excluding products covered in category 1.8",0.05
Lundtoftegaardsvej 95; 2800 Lyngby; DENMARK,1 January 2014,1 January 2024,"1.
Source materials:
 35 % red oak (Quercus rubra), 35 % white oak (Quercus alba), 10 % maple (Acer saccharum), 10 % beech (Fagus grandifolia) and 10 % hickory (Carya ovata).
2.
Specifications:
Water: 0,3 - 0,9 wt. %
Acid (expressed as acetic acid): 0,09 - 0,25 meq/g
Carbonyl compounds: 1,2 - 3,0 wt. %
Phenols: 8 - 12 wt. %
3.
Purity criteria:
Lead: < 5,0 mg/kg
Arsenic: < 3,0 mg/kg
Cadmium: < 1,0 mg/kg
Mercury: < 1,0 mg/kg",Azelis Denmark A/S,Scansmoke SEF 7525,SF-004,14.1. Non-alcoholic beverages,0.05
Lundtoftegaardsvej 95; 2800 Lyngby; DENMARK,1 January 2014,1 January 2024,"1.
Source materials:
 35 % red oak (Quercus rubra), 35 % white oak (Quercus alba), 10 % maple (Acer saccharum), 10 % beech (Fagus grandifolia) and 10 % hickory (Carya ovata).
2.
Specifications:
Water: 0,3 - 0,9 wt. %
Acid (expressed as acetic acid): 0,09 - 0,25 meq/g
Carbonyl compounds: 1,2 - 3,0 wt. %
Phenols: 8 - 12 wt. %
3.
Purity criteria:
Lead: < 5,0 mg/kg
Arsenic: < 3,0 mg/kg
Cadmium: < 1,0 mg/kg
Mercury: < 1,0 mg/kg",Azelis Denmark A/S,Scansmoke SEF 7525,SF-004,"14.2. Alcoholic beverages, including alcohol-free and low-alcohol counterparts",0.05
Lundtoftegaardsvej 95; 2800 Lyngby; DENMARK,1 January 2014,1 January 2024,"1.
Source materials:
 35 % red oak (Quercus rubra), 35 % white oak (Quercus alba), 10 % maple (Acer saccharum), 10 % beech (Fagus grandifolia) and 10 % hickory (Carya ovata).
2.
Specifications:
Water: 0,3 - 0,9 wt. %
Acid (expressed as acetic acid): 0,09 - 0,25 meq/g
Carbonyl compounds: 1,2 - 3,0 wt. %
Phenols: 8 - 12 wt. %
3.
Purity criteria:
Lead: < 5,0 mg/kg
Arsenic: < 3,0 mg/kg
Cadmium: < 1,0 mg/kg
Mercury: < 1,0 mg/kg",Azelis Denmark A/S,Scansmoke SEF 7525,SF-004,15. Ready-to-eat savouries and snacks,0.08
"P.O. Box 1537; 633 South 20th street; Manitowoc, WI 54221- 1537; USA",1 January 2014,1 January 2024,"1.
Source materials:
Maple (Acer saccharum): 25 - 60 %
Oak (Quercus alba): 10 - 40 %
Hickory (Carya ovata): 10 - 25 %
Ash (Fraxinus americana), birch (Betula papyrifera and Betula alleghanisensis), cherry (Prunus serotina), beech (Facus grandifolia): 0 - 15 % (in total)
2.
Specifications:
pH: 2,15 - 2,6
Water: 60,7 - 65,1 %
Acid % (expressed as acetic acid): 10,5 - 12,0 wt. %
Carbonyl compounds: 12,0 - 17,0 wt. %
Phenols: 10,0 - 15,0 mg/ml
3.
Purity criteria:
Lead: < 5,0 mg/kg
Arsenic: < 3,0 mg/kg
Cadmium: < 1,0 mg/kg
Mercury: < 1,0 mg/kg",Red Arrow Products Company LLC,SmokEz C-10,SF-005,1.7. Cheese and cheese products,0.20
"P.O. Box 1537; 633 South 20th street; Manitowoc, WI 54221- 1537; USA",1 January 2014,1 January 2024,"1.
Source materials:
Maple (Acer saccharum): 25 - 60 %
Oak (Quercus alba): 10 - 40 %
Hickory (Carya ovata): 10 - 25 %
Ash (Fraxinus americana), birch (Betula papyrifera and Betula alleghanisensis), cherry (Prunus serotina), beech (Facus grandifolia): 0 - 15 % (in total)
2.
Specifications:
pH: 2,15 - 2,6
Water: 60,7 - 65,1 %
Acid % (expressed as acetic acid): 10,5 - 12,0 wt. %
Carbonyl compounds: 12,0 - 17,0 wt. %
Phenols: 10,0 - 15,0 mg/ml
3.
Purity criteria:
Lead: < 5,0 mg/kg
Arsenic: < 3,0 mg/kg
Cadmium: < 1,0 mg/kg
Mercury: < 1,0 mg/kg",Red Arrow Products Company LLC,SmokEz C-10,SF-005,8.1.2. Meat preparations as defined by Regulation (EC) no 853/2004,2.5
"P.O. Box 1537; 633 South 20th street; Manitowoc, WI 54221- 1537; USA",1 January 2014,1 January 2024,"1.
Source materials:
Maple (Acer saccharum): 25 - 60 %
Oak (Quercus alba): 10 - 40 %
Hickory (Carya ovata): 10 - 25 %
Ash (Fraxinus americana), birch (Betula papyrifera and Betula alleghanisensis), cherry (Prunus serotina), beech (Facus grandifolia): 0 - 15 % (in total)
2.
Specifications:
pH: 2,15 - 2,6
Water: 60,7 - 65,1 %
Acid % (expressed as acetic acid): 10,5 - 12,0 wt. %
Carbonyl compounds: 12,0 - 17,0 wt. %
Phenols: 10,0 - 15,0 mg/ml
3.
Purity criteria:
Lead: < 5,0 mg/kg
Arsenic: < 3,0 mg/kg
Cadmium: < 1,0 mg/kg
Mercury: < 1,0 mg/kg",Red Arrow Products Company LLC,SmokEz C-10,SF-005,8.2. Processed meat,2.5
"P.O. Box 1537; 633 South 20th street; Manitowoc, WI 54221- 1537; USA",1 January 2014,1 January 2024,"1.
Source materials:
Maple (Acer saccharum): 25 - 60 %
Oak (Quercus alba): 10 - 40 %
Hickory (Carya ovata): 10 - 25 %
Ash (Fraxinus americana), birch (Betula papyrifera and Betula alleghanisensis), cherry (Prunus serotina), beech (Facus grandifolia): 0 - 15 % (in total)
2.
Specifications:
pH: 2,15 - 2,6
Water: 60,7 - 65,1 %
Acid % (expressed as acetic acid): 10,5 - 12,0 wt. %
Carbonyl compounds: 12,0 - 17,0 wt. %
Phenols: 10,0 - 15,0 mg/ml
3.
Purity criteria:
Lead: < 5,0 mg/kg
Arsenic: < 3,0 mg/kg
Cadmium: < 1,0 mg/kg
Mercury: < 1,0 mg/kg",Red Arrow Products Company LLC,SmokEz C-10,SF-005,9.2. Processed fish and fishery products including crustaceans and molluscs,2.0
"P.O. Box 1537; 633 South 20th street; Manitowoc, WI 54221- 1537; USA",1 January 2014,1 January 2024,"1.
Source materials:
Maple (Acer saccharum): 25 - 60 %
Oak (Quercus alba): 10 - 40 %
Hickory (Carya ovata): 10 - 25 %
Ash (Fraxinus americana), birch (Betula papyrifera and Betula alleghanisensis), cherry (Prunus serotina), beech (Facus grandifolia): 0 - 15 % (in total)
2.
Specifications:
pH: 2,15 - 2,6
Water: 60,7 - 65,1 %
Acid % (expressed as acetic acid): 10,5 - 12,0 wt. %
Carbonyl compounds: 12,0 - 17,0 wt. %
Phenols: 10,0 - 15,0 mg/ml
3.
Purity criteria:
Lead: < 5,0 mg/kg
Arsenic: < 3,0 mg/kg
Cadmium: < 1,0 mg/kg
Mercury: < 1,0 mg/kg",Red Arrow Products Company LLC,SmokEz C-10,SF-005,9.3. Fish roe,2.0
"P.O. Box 1537; 633 South 20th street; Manitowoc, WI 54221- 1537; USA",1 January 2014,1 January 2024,"1.
Source materials:
Maple (Acer saccharum): 25 - 60 %
Oak (Quercus alba): 10 - 40 %
Hickory (Carya ovata): 10 - 25 %
Ash (Fraxinus americana), birch (Betula papyrifera and Betula alleghanisensis), cherry (Prunus serotina), beech (Facus grandifolia): 0 - 15 % (in total)
2.
Specifications:
pH: 2,15 - 2,6
Water: 60,7 - 65,1 %
Acid % (expressed as acetic acid): 10,5 - 12,0 wt. %
Carbonyl compounds: 12,0 - 17,0 wt. %
Phenols: 10,0 - 15,0 mg/ml
3.
Purity criteria:
Lead: < 5,0 mg/kg
Arsenic: < 3,0 mg/kg
Cadmium: < 1,0 mg/kg
Mercury: < 1,0 mg/kg",Red Arrow Products Company LLC,SmokEz C-10,SF-005,"12.2. Herbs, spices, seasoning and condiments",3.0
"P.O. Box 1537; 633 South 20th street; Manitowoc, WI 54221- 1537; USA",1 January 2014,1 January 2024,"1.
Source materials:
Maple (Acer saccharum): 25 - 60 %
Oak (Quercus alba): 10 - 40 %
Hickory (Carya ovata): 10 - 25 %
Ash (Fraxinus americana), birch (Betula papyrifera and Betula alleghanisensis), cherry (Prunus serotina), beech (Facus grandifolia): 0 - 15 % (in total)
2.
Specifications:
pH: 2,15 - 2,6
Water: 60,7 - 65,1 %
Acid % (expressed as acetic acid): 10,5 - 12,0 wt. %
Carbonyl compounds: 12,0 - 17,0 wt. %
Phenols: 10,0 - 15,0 mg/ml
3.
Purity criteria:
Lead: < 5,0 mg/kg
Arsenic: < 3,0 mg/kg
Cadmium: < 1,0 mg/kg
Mercury: < 1,0 mg/kg",Red Arrow Products Company LLC,SmokEz C-10,SF-005,12.6. Sauces and like products,3.0
"P.O. Box 1537; 633 South 20th street; Manitowoc, WI 54221- 1537; USA",1 January 2014,1 January 2024,"1.
Source materials:
Maple (Acer saccharum): 25 - 60 %
Oak (Quercus alba): 10 - 40 %
Hickory (Carya ovata): 10 - 25 %
Ash (Fraxinus americana), birch (Betula papyrifera and Betula alleghanisensis), cherry (Prunus serotina), beech (Facus grandifolia): 0 - 15 % (in total)
2.
Specifications:
pH: 2,15 - 2,6
Water: 60,7 - 65,1 %
Acid % (expressed as acetic acid): 10,5 - 12,0 wt. %
Carbonyl compounds: 12,0 - 17,0 wt. %
Phenols: 10,0 - 15,0 mg/ml
3.
Purity criteria:
Lead: < 5,0 mg/kg
Arsenic: < 3,0 mg/kg
Cadmium: < 1,0 mg/kg
Mercury: < 1,0 mg/kg",Red Arrow Products Company LLC,SmokEz C-10,SF-005,15. Ready-to-eat savouries and snacks,3.0
"P.O. Box 1537; 633 South 20th street; Manitowoc, WI 54221- 1537; USA",1 January 2014,1 January 2024,"1.
Source materials:
Maple (Acer saccharum): 25 - 65 %
Oak (Quercus alba): 20 - 75 %
Hickory (Carya ovata), ash (Fraxinus americana), birch (Betula papyrifera and Betula alleghanisensis), cherry (Prunus serotina), beech (Facus grandifolia): 0 - 15 % (in total)
2.
Specifications:
pH: 2,8 - 3,2
Water: 57,0 - 64,4 %
Acid % (expressed as acetic acid): 6,0 - 7,0 wt. %
Carbonyl compounds: 16,0 - 24,0 wt. %
Phenols: 10,0 - 16,0 mg/ml
3.
Purity criteria:
Lead: < 5,0 mg/kg
Arsenic: < 3,0 mg/kg
Cadmium: < 1,0 mg/kg
Mercury: < 1,0 mg/kg",Red Arrow Products Company LLC,SmokEz Enviro-23,SF-006,1.7. Cheese and cheese products,2.0
"P.O. Box 1537; 633 South 20th street; Manitowoc, WI 54221- 1537; USA",1 January 2014,1 January 2024,"1.
Source materials:
Maple (Acer saccharum): 25 - 65 %
Oak (Quercus alba): 20 - 75 %
Hickory (Carya ovata), ash (Fraxinus americana), birch (Betula papyrifera and Betula alleghanisensis), cherry (Prunus serotina), beech (Facus grandifolia): 0 - 15 % (in total)
2.
Specifications:
pH: 2,8 - 3,2
Water: 57,0 - 64,4 %
Acid % (expressed as acetic acid): 6,0 - 7,0 wt. %
Carbonyl compounds: 16,0 - 24,0 wt. %
Phenols: 10,0 - 16,0 mg/ml
3.
Purity criteria:
Lead: < 5,0 mg/kg
Arsenic: < 3,0 mg/kg
Cadmium: < 1,0 mg/kg
Mercury: < 1,0 mg/kg",Red Arrow Products Company LLC,SmokEz Enviro-23,SF-006,8.1.2. Meat preparations as defined by Regulation (EC) no 853/2004,5.0
"P.O. Box 1537; 633 South 20th street; Manitowoc, WI 54221- 1537; USA",1 January 2014,1 January 2024,"1.
Source materials:
Maple (Acer saccharum): 25 - 65 %
Oak (Quercus alba): 20 - 75 %
Hickory (Carya ovata), ash (Fraxinus americana), birch (Betula papyrifera and Betula alleghanisensis), cherry (Prunus serotina), beech (Facus grandifolia): 0 - 15 % (in total)
2.
Specifications:
pH: 2,8 - 3,2
Water: 57,0 - 64,4 %
Acid % (expressed as acetic acid): 6,0 - 7,0 wt. %
Carbonyl compounds: 16,0 - 24,0 wt. %
Phenols: 10,0 - 16,0 mg/ml
3.
Purity criteria:
Lead: < 5,0 mg/kg
Arsenic: < 3,0 mg/kg
Cadmium: < 1,0 mg/kg
Mercury: < 1,0 mg/kg",Red Arrow Products Company LLC,SmokEz Enviro-23,SF-006,8.2. Processed meat,5.0
"P.O. Box 1537; 633 South 20th street; Manitowoc, WI 54221- 1537; USA",1 January 2014,1 January 2024,"1.
Source materials:
Maple (Acer saccharum): 25 - 65 %
Oak (Quercus alba): 20 - 75 %
Hickory (Carya ovata), ash (Fraxinus americana), birch (Betula papyrifera and Betula alleghanisensis), cherry (Prunus serotina), beech (Facus grandifolia): 0 - 15 % (in total)
2.
Specifications:
pH: 2,8 - 3,2
Water: 57,0 - 64,4 %
Acid % (expressed as acetic acid): 6,0 - 7,0 wt. %
Carbonyl compounds: 16,0 - 24,0 wt. %
Phenols: 10,0 - 16,0 mg/ml
3.
Purity criteria:
Lead: < 5,0 mg/kg
Arsenic: < 3,0 mg/kg
Cadmium: < 1,0 mg/kg
Mercury: < 1,0 mg/kg",Red Arrow Products Company LLC,SmokEz Enviro-23,SF-006,9.2. Processed fish and fishery products including crustaceans and molluscs,2.0
"P.O. Box 1537; 633 South 20th street; Manitowoc, WI 54221- 1537; USA",1 January 2014,1 January 2024,"1.
Source materials:
Maple (Acer saccharum): 25 - 65 %
Oak (Quercus alba): 20 - 75 %
Hickory (Carya ovata), ash (Fraxinus americana), birch (Betula papyrifera and Betula alleghanisensis), cherry (Prunus serotina), beech (Facus grandifolia): 0 - 15 % (in total)
2.
Specifications:
pH: 2,8 - 3,2
Water: 57,0 - 64,4 %
Acid % (expressed as acetic acid): 6,0 - 7,0 wt. %
Carbonyl compounds: 16,0 - 24,0 wt. %
Phenols: 10,0 - 16,0 mg/ml
3.
Purity criteria:
Lead: < 5,0 mg/kg
Arsenic: < 3,0 mg/kg
Cadmium: < 1,0 mg/kg
Mercury: < 1,0 mg/kg",Red Arrow Products Company LLC,SmokEz Enviro-23,SF-006,9.3. Fish roe,2.0
"36, rue Gutenberg - ZI La Marinière; 91070 Bondoufle; FRANCE",1 January 2014,1 January 2024,"1.
Source materials:
 Beech (Fagus grandifolia)
2.
Specifications:
pH: 1,5 - 2,5
Water: 50 - 58 wt. %
Acid % (expressed as acetic acid): 13 - 16 wt. %
Carbonyl compounds: 17 - 22 wt. %
Phenols: 30 - 45 mg/ml
3.
Purity criteria:
Lead: < 5,0 mg/kg
Arsenic: < 3,0 mg/kg
Cadmium: < 1,0 mg/kg
Mercury: < 1,0 mg/kg",Nactis,TradismokeTM A MAX,SF-007,1.4. Flavoured fermented milk products including heat treated products,1.0
"36, rue Gutenberg - ZI La Marinière; 91070 Bondoufle; FRANCE",1 January 2014,1 January 2024,"1.
Source materials:
 Beech (Fagus grandifolia)
2.
Specifications:
pH: 1,5 - 2,5
Water: 50 - 58 wt. %
Acid % (expressed as acetic acid): 13 - 16 wt. %
Carbonyl compounds: 17 - 22 wt. %
Phenols: 30 - 45 mg/ml
3.
Purity criteria:
Lead: < 5,0 mg/kg
Arsenic: < 3,0 mg/kg
Cadmium: < 1,0 mg/kg
Mercury: < 1,0 mg/kg",Nactis,TradismokeTM A MAX,SF-007,1.6.3. Other creams,1.0
"36, rue Gutenberg - ZI La Marinière; 91070 Bondoufle; FRANCE",1 January 2014,1 January 2024,"1.
Source materials:
 Beech (Fagus grandifolia)
2.
Specifications:
pH: 1,5 - 2,5
Water: 50 - 58 wt. %
Acid % (expressed as acetic acid): 13 - 16 wt. %
Carbonyl compounds: 17 - 22 wt. %
Phenols: 30 - 45 mg/ml
3.
Purity criteria:
Lead: < 5,0 mg/kg
Arsenic: < 3,0 mg/kg
Cadmium: < 1,0 mg/kg
Mercury: < 1,0 mg/kg",Nactis,TradismokeTM A MAX,SF-007,1.7.3. Edible cheese rind,1.0
"36, rue Gutenberg - ZI La Marinière; 91070 Bondoufle; FRANCE",1 January 2014,1 January 2024,"1.
Source materials:
 Beech (Fagus grandifolia)
2.
Specifications:
pH: 1,5 - 2,5
Water: 50 - 58 wt. %
Acid % (expressed as acetic acid): 13 - 16 wt. %
Carbonyl compounds: 17 - 22 wt. %
Phenols: 30 - 45 mg/ml
3.
Purity criteria:
Lead: < 5,0 mg/kg
Arsenic: < 3,0 mg/kg
Cadmium: < 1,0 mg/kg
Mercury: < 1,0 mg/kg",Nactis,TradismokeTM A MAX,SF-007,1.7.5. Processed cheeses,1.0
"36, rue Gutenberg - ZI La Marinière; 91070 Bondoufle; FRANCE",1 January 2014,1 January 2024,"1.
Source materials:
 Beech (Fagus grandifolia)
2.
Specifications:
pH: 1,5 - 2,5
Water: 50 - 58 wt. %
Acid % (expressed as acetic acid): 13 - 16 wt. %
Carbonyl compounds: 17 - 22 wt. %
Phenols: 30 - 45 mg/ml
3.
Purity criteria:
Lead: < 5,0 mg/kg
Arsenic: < 3,0 mg/kg
Cadmium: < 1,0 mg/kg
Mercury: < 1,0 mg/kg",Nactis,TradismokeTM A MAX,SF-007,2. Fats and oils and fat and oil emulsions,1.0
"36, rue Gutenberg - ZI La Marinière; 91070 Bondoufle; FRANCE",1 January 2014,1 January 2024,"1.
Source materials:
 Beech (Fagus grandifolia)
2.
Specifications:
pH: 1,5 - 2,5
Water: 50 - 58 wt. %
Acid % (expressed as acetic acid): 13 - 16 wt. %
Carbonyl compounds: 17 - 22 wt. %
Phenols: 30 - 45 mg/ml
3.
Purity criteria:
Lead: < 5,0 mg/kg
Arsenic: < 3,0 mg/kg
Cadmium: < 1,0 mg/kg
Mercury: < 1,0 mg/kg",Nactis,TradismokeTM A MAX,SF-007,8.1.2. Meat preparations as defined by Regulation (EC) No 853/2004,4.0
"36, rue Gutenberg - ZI La Marinière; 91070 Bondoufle; FRANCE",1 January 2014,1 January 2024,"1.
Source materials:
 Beech (Fagus grandifolia)
2.
Specifications:
pH: 1,5 - 2,5
Water: 50 - 58 wt. %
Acid % (expressed as acetic acid): 13 - 16 wt. %
Carbonyl compounds: 17 - 22 wt. %
Phenols: 30 - 45 mg/ml
3.
Purity criteria:
Lead: < 5,0 mg/kg
Arsenic: < 3,0 mg/kg
Cadmium: < 1,0 mg/kg
Mercury: < 1,0 mg/kg",Nactis,TradismokeTM A MAX,SF-007,8.2. Processed meat,4.0
"36, rue Gutenberg - ZI La Marinière; 91070 Bondoufle; FRANCE",1 January 2014,1 January 2024,"1.
Source materials:
 Beech (Fagus grandifolia)
2.
Specifications:
pH: 1,5 - 2,5
Water: 50 - 58 wt. %
Acid % (expressed as acetic acid): 13 - 16 wt. %
Carbonyl compounds: 17 - 22 wt. %
Phenols: 30 - 45 mg/ml
3.
Purity criteria:
Lead: < 5,0 mg/kg
Arsenic: < 3,0 mg/kg
Cadmium: < 1,0 mg/kg
Mercury: < 1,0 mg/kg",Nactis,TradismokeTM A MAX,SF-007,9.2. Processed fish and fishery products including crustaceans and molluscs,4.0
"36, rue Gutenberg - ZI La Marinière; 91070 Bondoufle; FRANCE",1 January 2014,1 January 2024,"1.
Source materials:
 Beech (Fagus grandifolia)
2.
Specifications:
pH: 1,5 - 2,5
Water: 50 - 58 wt. %
Acid % (expressed as acetic acid): 13 - 16 wt. %
Carbonyl compounds: 17 - 22 wt. %
Phenols: 30 - 45 mg/ml
3.
Purity criteria:
Lead: < 5,0 mg/kg
Arsenic: < 3,0 mg/kg
Cadmium: < 1,0 mg/kg
Mercury: < 1,0 mg/kg",Nactis,TradismokeTM A MAX,SF-007,9.3. Fish roe,4.0
"36, rue Gutenberg - ZI La Marinière; 91070 Bondoufle; FRANCE",1 January 2014,1 January 2024,"1.
Source materials:
 Beech (Fagus grandifolia)
2.
Specifications:
pH: 1,5 - 2,5
Water: 50 - 58 wt. %
Acid % (expressed as acetic acid): 13 - 16 wt. %
Carbonyl compounds: 17 - 22 wt. %
Phenols: 30 - 45 mg/ml
3.
Purity criteria:
Lead: < 5,0 mg/kg
Arsenic: < 3,0 mg/kg
Cadmium: < 1,0 mg/kg
Mercury: < 1,0 mg/kg",Nactis,TradismokeTM A MAX,SF-007,"12.2. Herbs, spices, seasonings",1.0
"36, rue Gutenberg - ZI La Marinière; 91070 Bondoufle; FRANCE",1 January 2014,1 January 2024,"1.
Source materials:
 Beech (Fagus grandifolia)
2.
Specifications:
pH: 1,5 - 2,5
Water: 50 - 58 wt. %
Acid % (expressed as acetic acid): 13 - 16 wt. %
Carbonyl compounds: 17 - 22 wt. %
Phenols: 30 - 45 mg/ml
3.
Purity criteria:
Lead: < 5,0 mg/kg
Arsenic: < 3,0 mg/kg
Cadmium: < 1,0 mg/kg
Mercury: < 1,0 mg/kg",Nactis,TradismokeTM A MAX,SF-007,12.5. Soups and broths,0.50
"36, rue Gutenberg - ZI La Marinière; 91070 Bondoufle; FRANCE",1 January 2014,1 January 2024,"1.
Source materials:
 Beech (Fagus grandifolia)
2.
Specifications:
pH: 1,5 - 2,5
Water: 50 - 58 wt. %
Acid % (expressed as acetic acid): 13 - 16 wt. %
Carbonyl compounds: 17 - 22 wt. %
Phenols: 30 - 45 mg/ml
3.
Purity criteria:
Lead: < 5,0 mg/kg
Arsenic: < 3,0 mg/kg
Cadmium: < 1,0 mg/kg
Mercury: < 1,0 mg/kg",Nactis,TradismokeTM A MAX,SF-007,12.6. Sauces,1.0
"36, rue Gutenberg - ZI La Marinière; 91070 Bondoufle; FRANCE",1 January 2014,1 January 2024,"1.
Source materials:
 Beech (Fagus grandifolia)
2.
Specifications:
pH: 1,5 - 2,5
Water: 50 - 58 wt. %
Acid % (expressed as acetic acid): 13 - 16 wt. %
Carbonyl compounds: 17 - 22 wt. %
Phenols: 30 - 45 mg/ml
3.
Purity criteria:
Lead: < 5,0 mg/kg
Arsenic: < 3,0 mg/kg
Cadmium: < 1,0 mg/kg
Mercury: < 1,0 mg/kg",Nactis,TradismokeTM A MAX,SF-007,14.1. Non-alcoholic beverages,0.10
"36, rue Gutenberg - ZI La Marinière; 91070 Bondoufle; FRANCE",1 January 2014,1 January 2024,"1.
Source materials:
 Beech (Fagus grandifolia)
2.
Specifications:
pH: 1,5 - 2,5
Water: 50 - 58 wt. %
Acid % (expressed as acetic acid): 13 - 16 wt. %
Carbonyl compounds: 17 - 22 wt. %
Phenols: 30 - 45 mg/ml
3.
Purity criteria:
Lead: < 5,0 mg/kg
Arsenic: < 3,0 mg/kg
Cadmium: < 1,0 mg/kg
Mercury: < 1,0 mg/kg",Nactis,TradismokeTM A MAX,SF-007,"14.2. Alcoholic beverages, including alcohol-free and low-alcohol counterparts",0.10
"36, rue Gutenberg - ZI La Marinière; 91070 Bondoufle; FRANCE",1 January 2014,1 January 2024,"1.
Source materials:
 Beech (Fagus grandifolia)
2.
Specifications:
pH: 1,5 - 2,5
Water: 50 - 58 wt. %
Acid % (expressed as acetic acid): 13 - 16 wt. %
Carbonyl compounds: 17 - 22 wt. %
Phenols: 30 - 45 mg/ml
3.
Purity criteria:
Lead: < 5,0 mg/kg
Arsenic: < 3,0 mg/kg
Cadmium: < 1,0 mg/kg
Mercury: < 1,0 mg/kg",Nactis,TradismokeTM A MAX,SF-007,15. Ready-to-eat savouries and snacks,1.0
Uslarer Strasse 30; 37194 Bodenfelde; GERMANY,1 January 2014,1 January 2024,"1.
Source materials:
 90 % beech (Fagus sylvatica), 10 % oak (Quercus alba)
2.
Specifications:
pH: 2,0 - 2,5
Water: 76,7 - 83,5 %
Acid (expressed as acetic acid): 10,5 - 12,5 meq/g
Carbonyl compounds: 5 - 10 wt. %
Phenols: 5 - 10 wt. %
3.
Purity criteria:
Lead: < 5,0 mg/kg
Arsenic: < 3,0 mg/kg
Cadmium: < 1,0 mg/kg
Mercury: < 1,0 mg/kg",ProFagus Gmbh,proFagus-Smoke R709,SF-008,1.7. Cheese and cheese products,2.5
Uslarer Strasse 30; 37194 Bodenfelde; GERMANY,1 January 2014,1 January 2024,"1.
Source materials:
 90 % beech (Fagus sylvatica), 10 % oak (Quercus alba)
2.
Specifications:
pH: 2,0 - 2,5
Water: 76,7 - 83,5 %
Acid (expressed as acetic acid): 10,5 - 12,5 meq/g
Carbonyl compounds: 5 - 10 wt. %
Phenols: 5 - 10 wt. %
3.
Purity criteria:
Lead: < 5,0 mg/kg
Arsenic: < 3,0 mg/kg
Cadmium: < 1,0 mg/kg
Mercury: < 1,0 mg/kg",ProFagus Gmbh,proFagus-Smoke R709,SF-008,2. Fats and oils and fat and oil emulsions,0.002
Uslarer Strasse 30; 37194 Bodenfelde; GERMANY,1 January 2014,1 January 2024,"1.
Source materials:
 90 % beech (Fagus sylvatica), 10 % oak (Quercus alba)
2.
Specifications:
pH: 2,0 - 2,5
Water: 76,7 - 83,5 %
Acid (expressed as acetic acid): 10,5 - 12,5 meq/g
Carbonyl compounds: 5 - 10 wt. %
Phenols: 5 - 10 wt. %
3.
Purity criteria:
Lead: < 5,0 mg/kg
Arsenic: < 3,0 mg/kg
Cadmium: < 1,0 mg/kg
Mercury: < 1,0 mg/kg",ProFagus Gmbh,proFagus-Smoke R709,SF-008,3. Edible ices,0.005
Uslarer Strasse 30; 37194 Bodenfelde; GERMANY,1 January 2014,1 January 2024,"1.
Source materials:
 90 % beech (Fagus sylvatica), 10 % oak (Quercus alba)
2.
Specifications:
pH: 2,0 - 2,5
Water: 76,7 - 83,5 %
Acid (expressed as acetic acid): 10,5 - 12,5 meq/g
Carbonyl compounds: 5 - 10 wt. %
Phenols: 5 - 10 wt. %
3.
Purity criteria:
Lead: < 5,0 mg/kg
Arsenic: < 3,0 mg/kg
Cadmium: < 1,0 mg/kg
Mercury: < 1,0 mg/kg",ProFagus Gmbh,proFagus-Smoke R709,SF-008,4.2. Processed fruits and vegetables,0.55
Uslarer Strasse 30; 37194 Bodenfelde; GERMANY,1 January 2014,1 January 2024,"1.
Source materials:
 90 % beech (Fagus sylvatica), 10 % oak (Quercus alba)
2.
Specifications:
pH: 2,0 - 2,5
Water: 76,7 - 83,5 %
Acid (expressed as acetic acid): 10,5 - 12,5 meq/g
Carbonyl compounds: 5 - 10 wt. %
Phenols: 5 - 10 wt. %
3.
Purity criteria:
Lead: < 5,0 mg/kg
Arsenic: < 3,0 mg/kg
Cadmium: < 1,0 mg/kg
Mercury: < 1,0 mg/kg",ProFagus Gmbh,proFagus-Smoke R709,SF-008,5. Confectionery,0.10
Uslarer Strasse 30; 37194 Bodenfelde; GERMANY,1 January 2014,1 January 2024,"1.
Source materials:
 90 % beech (Fagus sylvatica), 10 % oak (Quercus alba)
2.
Specifications:
pH: 2,0 - 2,5
Water: 76,7 - 83,5 %
Acid (expressed as acetic acid): 10,5 - 12,5 meq/g
Carbonyl compounds: 5 - 10 wt. %
Phenols: 5 - 10 wt. %
3.
Purity criteria:
Lead: < 5,0 mg/kg
Arsenic: < 3,0 mg/kg
Cadmium: < 1,0 mg/kg
Mercury: < 1,0 mg/kg",ProFagus Gmbh,proFagus-Smoke R709,SF-008,8.1.2. Meat preparations as defined by Regulation (EC) No 853/2004,2.5
Uslarer Strasse 30; 37194 Bodenfelde; GERMANY,1 January 2014,1 January 2024,"1.
Source materials:
 90 % beech (Fagus sylvatica), 10 % oak (Quercus alba)
2.
Specifications:
pH: 2,0 - 2,5
Water: 76,7 - 83,5 %
Acid (expressed as acetic acid): 10,5 - 12,5 meq/g
Carbonyl compounds: 5 - 10 wt. %
Phenols: 5 - 10 wt. %
3.
Purity criteria:
Lead: < 5,0 mg/kg
Arsenic: < 3,0 mg/kg
Cadmium: < 1,0 mg/kg
Mercury: < 1,0 mg/kg",ProFagus Gmbh,proFagus-Smoke R709,SF-008,8.2. Processed meat,2.5
Uslarer Strasse 30; 37194 Bodenfelde; GERMANY,1 January 2014,1 January 2024,"1.
Source materials:
 90 % beech (Fagus sylvatica), 10 % oak (Quercus alba)
2.
Specifications:
pH: 2,0 - 2,5
Water: 76,7 - 83,5 %
Acid (expressed as acetic acid): 10,5 - 12,5 meq/g
Carbonyl compounds: 5 - 10 wt. %
Phenols: 5 - 10 wt. %
3.
Purity criteria:
Lead: < 5,0 mg/kg
Arsenic: < 3,0 mg/kg
Cadmium: < 1,0 mg/kg
Mercury: < 1,0 mg/kg",ProFagus Gmbh,proFagus-Smoke R709,SF-008,9.2. Processed fish and fishery products including crustaceans and molluscs,2.5
Uslarer Strasse 30; 37194 Bodenfelde; GERMANY,1 January 2014,1 January 2024,"1.
Source materials:
 90 % beech (Fagus sylvatica), 10 % oak (Quercus alba)
2.
Specifications:
pH: 2,0 - 2,5
Water: 76,7 - 83,5 %
Acid (expressed as acetic acid): 10,5 - 12,5 meq/g
Carbonyl compounds: 5 - 10 wt. %
Phenols: 5 - 10 wt. %
3.
Purity criteria:
Lead: < 5,0 mg/kg
Arsenic: < 3,0 mg/kg
Cadmium: < 1,0 mg/kg
Mercury: < 1,0 mg/kg",ProFagus Gmbh,proFagus-Smoke R709,SF-008,9.3. Fish roe,2.5
Uslarer Strasse 30; 37194 Bodenfelde; GERMANY,1 January 2014,1 January 2024,"1.
Source materials:
 90 % beech (Fagus sylvatica), 10 % oak (Quercus alba)
2.
Specifications:
pH: 2,0 - 2,5
Water: 76,7 - 83,5 %
Acid (expressed as acetic acid): 10,5 - 12,5 meq/g
Carbonyl compounds: 5 - 10 wt. %
Phenols: 5 - 10 wt. %
3.
Purity criteria:
Lead: < 5,0 mg/kg
Arsenic: < 3,0 mg/kg
Cadmium: < 1,0 mg/kg
Mercury: < 1,0 mg/kg",ProFagus Gmbh,proFagus-Smoke R709,SF-008,"12.2. Herbs, spices, seasonings",4.0
Uslarer Strasse 30; 37194 Bodenfelde; GERMANY,1 January 2014,1 January 2024,"1.
Source materials:
 90 % beech (Fagus sylvatica), 10 % oak (Quercus alba)
2.
Specifications:
pH: 2,0 - 2,5
Water: 76,7 - 83,5 %
Acid (expressed as acetic acid): 10,5 - 12,5 meq/g
Carbonyl compounds: 5 - 10 wt. %
Phenols: 5 - 10 wt. %
3.
Purity criteria:
Lead: < 5,0 mg/kg
Arsenic: < 3,0 mg/kg
Cadmium: < 1,0 mg/kg
Mercury: < 1,0 mg/kg",ProFagus Gmbh,proFagus-Smoke R709,SF-008,12.4. Mustard,0.10
Uslarer Strasse 30; 37194 Bodenfelde; GERMANY,1 January 2014,1 January 2024,"1.
Source materials:
 90 % beech (Fagus sylvatica), 10 % oak (Quercus alba)
2.
Specifications:
pH: 2,0 - 2,5
Water: 76,7 - 83,5 %
Acid (expressed as acetic acid): 10,5 - 12,5 meq/g
Carbonyl compounds: 5 - 10 wt. %
Phenols: 5 - 10 wt. %
3.
Purity criteria:
Lead: < 5,0 mg/kg
Arsenic: < 3,0 mg/kg
Cadmium: < 1,0 mg/kg
Mercury: < 1,0 mg/kg",ProFagus Gmbh,proFagus-Smoke R709,SF-008,12.5. Soups and broths,0.28
Uslarer Strasse 30; 37194 Bodenfelde; GERMANY,1 January 2014,1 January 2024,"1.
Source materials:
 90 % beech (Fagus sylvatica), 10 % oak (Quercus alba)
2.
Specifications:
pH: 2,0 - 2,5
Water: 76,7 - 83,5 %
Acid (expressed as acetic acid): 10,5 - 12,5 meq/g
Carbonyl compounds: 5 - 10 wt. %
Phenols: 5 - 10 wt. %
3.
Purity criteria:
Lead: < 5,0 mg/kg
Arsenic: < 3,0 mg/kg
Cadmium: < 1,0 mg/kg
Mercury: < 1,0 mg/kg",ProFagus Gmbh,proFagus-Smoke R709,SF-008,12.6. Sauces,1.5
Uslarer Strasse 30; 37194 Bodenfelde; GERMANY,1 January 2014,1 January 2024,"1.
Source materials:
 90 % beech (Fagus sylvatica), 10 % oak (Quercus alba)
2.
Specifications:
pH: 2,0 - 2,5
Water: 76,7 - 83,5 %
Acid (expressed as acetic acid): 10,5 - 12,5 meq/g
Carbonyl compounds: 5 - 10 wt. %
Phenols: 5 - 10 wt. %
3.
Purity criteria:
Lead: < 5,0 mg/kg
Arsenic: < 3,0 mg/kg
Cadmium: < 1,0 mg/kg
Mercury: < 1,0 mg/kg",ProFagus Gmbh,proFagus-Smoke R709,SF-008,12.7. Salads and savoury based sandwich spreads,0.40
Uslarer Strasse 30; 37194 Bodenfelde; GERMANY,1 January 2014,1 January 2024,"1.
Source materials:
 90 % beech (Fagus sylvatica), 10 % oak (Quercus alba)
2.
Specifications:
pH: 2,0 - 2,5
Water: 76,7 - 83,5 %
Acid (expressed as acetic acid): 10,5 - 12,5 meq/g
Carbonyl compounds: 5 - 10 wt. %
Phenols: 5 - 10 wt. %
3.
Purity criteria:
Lead: < 5,0 mg/kg
Arsenic: < 3,0 mg/kg
Cadmium: < 1,0 mg/kg
Mercury: < 1,0 mg/kg",ProFagus Gmbh,proFagus-Smoke R709,SF-008,14.1. Non-alcoholic beverages,0.10
Uslarer Strasse 30; 37194 Bodenfelde; GERMANY,1 January 2014,1 January 2024,"1.
Source materials:
 90 % beech (Fagus sylvatica), 10 % oak (Quercus alba)
2.
Specifications:
pH: 2,0 - 2,5
Water: 76,7 - 83,5 %
Acid (expressed as acetic acid): 10,5 - 12,5 meq/g
Carbonyl compounds: 5 - 10 wt. %
Phenols: 5 - 10 wt. %
3.
Purity criteria:
Lead: < 5,0 mg/kg
Arsenic: < 3,0 mg/kg
Cadmium: < 1,0 mg/kg
Mercury: < 1,0 mg/kg",ProFagus Gmbh,proFagus-Smoke R709,SF-008,"14.2. Alcoholic beverages, including alcohol-free and low-alcohol counterparts",0.02
Uslarer Strasse 30; 37194 Bodenfelde; GERMANY,1 January 2014,1 January 2024,"1.
Source materials:
 90 % beech (Fagus sylvatica), 10 % oak (Quercus alba)
2.
Specifications:
pH: 2,0 - 2,5
Water: 76,7 - 83,5 %
Acid (expressed as acetic acid): 10,5 - 12,5 meq/g
Carbonyl compounds: 5 - 10 wt. %
Phenols: 5 - 10 wt. %
3.
Purity criteria:
Lead: < 5,0 mg/kg
Arsenic: < 3,0 mg/kg
Cadmium: < 1,0 mg/kg
Mercury: < 1,0 mg/kg",ProFagus Gmbh,proFagus-Smoke R709,SF-008,15. Ready-to-eat savouries and snacks,2.5
Kompozíció Kft; 2053 Herceghalom; HUNGARY,1 January 2014,1 January 2024,"1.
Source materials:
 85 % beech (Fagus sylvatica), 15 % hornbeam (Carpinus betulus)
2.
Specifications:
Water content: < 2 w/w %
Acid % (expressed as acetic acid): 1 - 8 w/w %
Carbonyl compounds: 25 - 30 w/w %
Phenols: 15 - 60 w/w %
3.
Purity criteria:
Lead: < 5,0 mg/kg
Arsenic: < 3,0 mg/kg
Cadmium: < 1,0 mg/kg
Mercury: < 1,0 mg/kg",Kompozíció Kft,Fumokomp,SF-009,1.4. Flavoured fermented milk products including heat treated products,0.06
Kompozíció Kft; 2053 Herceghalom; HUNGARY,1 January 2014,1 January 2024,"1.
Source materials:
 85 % beech (Fagus sylvatica), 15 % hornbeam (Carpinus betulus)
2.
Specifications:
Water content: < 2 w/w %
Acid % (expressed as acetic acid): 1 - 8 w/w %
Carbonyl compounds: 25 - 30 w/w %
Phenols: 15 - 60 w/w %
3.
Purity criteria:
Lead: < 5,0 mg/kg
Arsenic: < 3,0 mg/kg
Cadmium: < 1,0 mg/kg
Mercury: < 1,0 mg/kg",Kompozíció Kft,Fumokomp,SF-009,1.6.3. Other creams,0.06
Kompozíció Kft; 2053 Herceghalom; HUNGARY,1 January 2014,1 January 2024,"1.
Source materials:
 85 % beech (Fagus sylvatica), 15 % hornbeam (Carpinus betulus)
2.
Specifications:
Water content: < 2 w/w %
Acid % (expressed as acetic acid): 1 - 8 w/w %
Carbonyl compounds: 25 - 30 w/w %
Phenols: 15 - 60 w/w %
3.
Purity criteria:
Lead: < 5,0 mg/kg
Arsenic: < 3,0 mg/kg
Cadmium: < 1,0 mg/kg
Mercury: < 1,0 mg/kg",Kompozíció Kft,Fumokomp,SF-009,1.7. Cheese and cheese products,0.06
Kompozíció Kft; 2053 Herceghalom; HUNGARY,1 January 2014,1 January 2024,"1.
Source materials:
 85 % beech (Fagus sylvatica), 15 % hornbeam (Carpinus betulus)
2.
Specifications:
Water content: < 2 w/w %
Acid % (expressed as acetic acid): 1 - 8 w/w %
Carbonyl compounds: 25 - 30 w/w %
Phenols: 15 - 60 w/w %
3.
Purity criteria:
Lead: < 5,0 mg/kg
Arsenic: < 3,0 mg/kg
Cadmium: < 1,0 mg/kg
Mercury: < 1,0 mg/kg",Kompozíció Kft,Fumokomp,SF-009,"1.8. Dairy analogues, including beverage whiteners",0.06
Kompozíció Kft; 2053 Herceghalom; HUNGARY,1 January 2014,1 January 2024,"1.
Source materials:
 85 % beech (Fagus sylvatica), 15 % hornbeam (Carpinus betulus)
2.
Specifications:
Water content: < 2 w/w %
Acid % (expressed as acetic acid): 1 - 8 w/w %
Carbonyl compounds: 25 - 30 w/w %
Phenols: 15 - 60 w/w %
3.
Purity criteria:
Lead: < 5,0 mg/kg
Arsenic: < 3,0 mg/kg
Cadmium: < 1,0 mg/kg
Mercury: < 1,0 mg/kg",Kompozíció Kft,Fumokomp,SF-009,2. Fats and oils and fat and oil emulsions,0.06
Kompozíció Kft; 2053 Herceghalom; HUNGARY,1 January 2014,1 January 2024,"1.
Source materials:
 85 % beech (Fagus sylvatica), 15 % hornbeam (Carpinus betulus)
2.
Specifications:
Water content: < 2 w/w %
Acid % (expressed as acetic acid): 1 - 8 w/w %
Carbonyl compounds: 25 - 30 w/w %
Phenols: 15 - 60 w/w %
3.
Purity criteria:
Lead: < 5,0 mg/kg
Arsenic: < 3,0 mg/kg
Cadmium: < 1,0 mg/kg
Mercury: < 1,0 mg/kg",Kompozíció Kft,Fumokomp,SF-009,3. Edible ices,0.06
Kompozíció Kft; 2053 Herceghalom; HUNGARY,1 January 2014,1 January 2024,"1.
Source materials:
 85 % beech (Fagus sylvatica), 15 % hornbeam (Carpinus betulus)
2.
Specifications:
Water content: < 2 w/w %
Acid % (expressed as acetic acid): 1 - 8 w/w %
Carbonyl compounds: 25 - 30 w/w %
Phenols: 15 - 60 w/w %
3.
Purity criteria:
Lead: < 5,0 mg/kg
Arsenic: < 3,0 mg/kg
Cadmium: < 1,0 mg/kg
Mercury: < 1,0 mg/kg",Kompozíció Kft,Fumokomp,SF-009,4.2. Processed fruit and vegetables,0.06
Kompozíció Kft; 2053 Herceghalom; HUNGARY,1 January 2014,1 January 2024,"1.
Source materials:
 85 % beech (Fagus sylvatica), 15 % hornbeam (Carpinus betulus)
2.
Specifications:
Water content: < 2 w/w %
Acid % (expressed as acetic acid): 1 - 8 w/w %
Carbonyl compounds: 25 - 30 w/w %
Phenols: 15 - 60 w/w %
3.
Purity criteria:
Lead: < 5,0 mg/kg
Arsenic: < 3,0 mg/kg
Cadmium: < 1,0 mg/kg
Mercury: < 1,0 mg/kg",Kompozíció Kft,Fumokomp,SF-009,5. Confectionery,0.06
Kompozíció Kft; 2053 Herceghalom; HUNGARY,1 January 2014,1 January 2024,"1.
Source materials:
 85 % beech (Fagus sylvatica), 15 % hornbeam (Carpinus betulus)
2.
Specifications:
Water content: < 2 w/w %
Acid % (expressed as acetic acid): 1 - 8 w/w %
Carbonyl compounds: 25 - 30 w/w %
Phenols: 15 - 60 w/w %
3.
Purity criteria:
Lead: < 5,0 mg/kg
Arsenic: < 3,0 mg/kg
Cadmium: < 1,0 mg/kg
Mercury: < 1,0 mg/kg",Kompozíció Kft,Fumokomp,SF-009,6.3. Breakfast cereals,0.06
Kompozíció Kft; 2053 Herceghalom; HUNGARY,1 January 2014,1 January 2024,"1.
Source materials:
 85 % beech (Fagus sylvatica), 15 % hornbeam (Carpinus betulus)
2.
Specifications:
Water content: < 2 w/w %
Acid % (expressed as acetic acid): 1 - 8 w/w %
Carbonyl compounds: 25 - 30 w/w %
Phenols: 15 - 60 w/w %
3.
Purity criteria:
Lead: < 5,0 mg/kg
Arsenic: < 3,0 mg/kg
Cadmium: < 1,0 mg/kg
Mercury: < 1,0 mg/kg",Kompozíció Kft,Fumokomp,SF-009,6.4.5. Fillings of stuffed pasta (ravioli and similar),0.06
Kompozíció Kft; 2053 Herceghalom; HUNGARY,1 January 2014,1 January 2024,"1.
Source materials:
 85 % beech (Fagus sylvatica), 15 % hornbeam (Carpinus betulus)
2.
Specifications:
Water content: < 2 w/w %
Acid % (expressed as acetic acid): 1 - 8 w/w %
Carbonyl compounds: 25 - 30 w/w %
Phenols: 15 - 60 w/w %
3.
Purity criteria:
Lead: < 5,0 mg/kg
Arsenic: < 3,0 mg/kg
Cadmium: < 1,0 mg/kg
Mercury: < 1,0 mg/kg",Kompozíció Kft,Fumokomp,SF-009,6.5. Noodles,0.06
Kompozíció Kft; 2053 Herceghalom; HUNGARY,1 January 2014,1 January 2024,"1.
Source materials:
 85 % beech (Fagus sylvatica), 15 % hornbeam (Carpinus betulus)
2.
Specifications:
Water content: < 2 w/w %
Acid % (expressed as acetic acid): 1 - 8 w/w %
Carbonyl compounds: 25 - 30 w/w %
Phenols: 15 - 60 w/w %
3.
Purity criteria:
Lead: < 5,0 mg/kg
Arsenic: < 3,0 mg/kg
Cadmium: < 1,0 mg/kg
Mercury: < 1,0 mg/kg",Kompozíció Kft,Fumokomp,SF-009,6.6. Batters,0.06
Kompozíció Kft; 2053 Herceghalom; HUNGARY,1 January 2014,1 January 2024,"1.
Source materials:
 85 % beech (Fagus sylvatica), 15 % hornbeam (Carpinus betulus)
2.
Specifications:
Water content: < 2 w/w %
Acid % (expressed as acetic acid): 1 - 8 w/w %
Carbonyl compounds: 25 - 30 w/w %
Phenols: 15 - 60 w/w %
3.
Purity criteria:
Lead: < 5,0 mg/kg
Arsenic: < 3,0 mg/kg
Cadmium: < 1,0 mg/kg
Mercury: < 1,0 mg/kg",Kompozíció Kft,Fumokomp,SF-009,6.7. Pre-cooked or processed cereals,0.06
Kompozíció Kft; 2053 Herceghalom; HUNGARY,1 January 2014,1 January 2024,"1.
Source materials:
 85 % beech (Fagus sylvatica), 15 % hornbeam (Carpinus betulus)
2.
Specifications:
Water content: < 2 w/w %
Acid % (expressed as acetic acid): 1 - 8 w/w %
Carbonyl compounds: 25 - 30 w/w %
Phenols: 15 - 60 w/w %
3.
Purity criteria:
Lead: < 5,0 mg/kg
Arsenic: < 3,0 mg/kg
Cadmium: < 1,0 mg/kg
Mercury: < 1,0 mg/kg",Kompozíció Kft,Fumokomp,SF-009,7.1. Breads and rolls,0.06
Kompozíció Kft; 2053 Herceghalom; HUNGARY,1 January 2014,1 January 2024,"1.
Source materials:
 85 % beech (Fagus sylvatica), 15 % hornbeam (Carpinus betulus)
2.
Specifications:
Water content: < 2 w/w %
Acid % (expressed as acetic acid): 1 - 8 w/w %
Carbonyl compounds: 25 - 30 w/w %
Phenols: 15 - 60 w/w %
3.
Purity criteria:
Lead: < 5,0 mg/kg
Arsenic: < 3,0 mg/kg
Cadmium: < 1,0 mg/kg
Mercury: < 1,0 mg/kg",Kompozíció Kft,Fumokomp,SF-009,7.2. Fine bakery wares,0.06
Kompozíció Kft; 2053 Herceghalom; HUNGARY,1 January 2014,1 January 2024,"1.
Source materials:
 85 % beech (Fagus sylvatica), 15 % hornbeam (Carpinus betulus)
2.
Specifications:
Water content: < 2 w/w %
Acid % (expressed as acetic acid): 1 - 8 w/w %
Carbonyl compounds: 25 - 30 w/w %
Phenols: 15 - 60 w/w %
3.
Purity criteria:
Lead: < 5,0 mg/kg
Arsenic: < 3,0 mg/kg
Cadmium: < 1,0 mg/kg
Mercury: < 1,0 mg/kg",Kompozíció Kft,Fumokomp,SF-009,8. Meat,0.06
Kompozíció Kft; 2053 Herceghalom; HUNGARY,1 January 2014,1 January 2024,"1.
Source materials:
 85 % beech (Fagus sylvatica), 15 % hornbeam (Carpinus betulus)
2.
Specifications:
Water content: < 2 w/w %
Acid % (expressed as acetic acid): 1 - 8 w/w %
Carbonyl compounds: 25 - 30 w/w %
Phenols: 15 - 60 w/w %
3.
Purity criteria:
Lead: < 5,0 mg/kg
Arsenic: < 3,0 mg/kg
Cadmium: < 1,0 mg/kg
Mercury: < 1,0 mg/kg",Kompozíció Kft,Fumokomp,SF-009,9.2. Processed fish and fishery products including crustaceans and molluscs,0.06
Kompozíció Kft; 2053 Herceghalom; HUNGARY,1 January 2014,1 January 2024,"1.
Source materials:
 85 % beech (Fagus sylvatica), 15 % hornbeam (Carpinus betulus)
2.
Specifications:
Water content: < 2 w/w %
Acid % (expressed as acetic acid): 1 - 8 w/w %
Carbonyl compounds: 25 - 30 w/w %
Phenols: 15 - 60 w/w %
3.
Purity criteria:
Lead: < 5,0 mg/kg
Arsenic: < 3,0 mg/kg
Cadmium: < 1,0 mg/kg
Mercury: < 1,0 mg/kg",Kompozíció Kft,Fumokomp,SF-009,9.3. Fish roe,0.06
Kompozíció Kft; 2053 Herceghalom; HUNGARY,1 January 2014,1 January 2024,"1.
Source materials:
 85 % beech (Fagus sylvatica), 15 % hornbeam (Carpinus betulus)
2.
Specifications:
Water content: < 2 w/w %
Acid % (expressed as acetic acid): 1 - 8 w/w %
Carbonyl compounds: 25 - 30 w/w %
Phenols: 15 - 60 w/w %
3.
Purity criteria:
Lead: < 5,0 mg/kg
Arsenic: < 3,0 mg/kg
Cadmium: < 1,0 mg/kg
Mercury: < 1,0 mg/kg",Kompozíció Kft,Fumokomp,SF-009,10.2. Processed eggs and egg products,0.06
Kompozíció Kft; 2053 Herceghalom; HUNGARY,1 January 2014,1 January 2024,"1.
Source materials:
 85 % beech (Fagus sylvatica), 15 % hornbeam (Carpinus betulus)
2.
Specifications:
Water content: < 2 w/w %
Acid % (expressed as acetic acid): 1 - 8 w/w %
Carbonyl compounds: 25 - 30 w/w %
Phenols: 15 - 60 w/w %
3.
Purity criteria:
Lead: < 5,0 mg/kg
Arsenic: < 3,0 mg/kg
Cadmium: < 1,0 mg/kg
Mercury: < 1,0 mg/kg",Kompozíció Kft,Fumokomp,SF-009,"12.2. Herbs, spices, seasonings",0.06
Kompozíció Kft; 2053 Herceghalom; HUNGARY,1 January 2014,1 January 2024,"1.
Source materials:
 85 % beech (Fagus sylvatica), 15 % hornbeam (Carpinus betulus)
2.
Specifications:
Water content: < 2 w/w %
Acid % (expressed as acetic acid): 1 - 8 w/w %
Carbonyl compounds: 25 - 30 w/w %
Phenols: 15 - 60 w/w %
3.
Purity criteria:
Lead: < 5,0 mg/kg
Arsenic: < 3,0 mg/kg
Cadmium: < 1,0 mg/kg
Mercury: < 1,0 mg/kg",Kompozíció Kft,Fumokomp,SF-009,12.3. Vinegar,0.06
Kompozíció Kft; 2053 Herceghalom; HUNGARY,1 January 2014,1 January 2024,"1.
Source materials:
 85 % beech (Fagus sylvatica), 15 % hornbeam (Carpinus betulus)
2.
Specifications:
Water content: < 2 w/w %
Acid % (expressed as acetic acid): 1 - 8 w/w %
Carbonyl compounds: 25 - 30 w/w %
Phenols: 15 - 60 w/w %
3.
Purity criteria:
Lead: < 5,0 mg/kg
Arsenic: < 3,0 mg/kg
Cadmium: < 1,0 mg/kg
Mercury: < 1,0 mg/kg",Kompozíció Kft,Fumokomp,SF-009,12.4. Mustard,0.06
Kompozíció Kft; 2053 Herceghalom; HUNGARY,1 January 2014,1 January 2024,"1.
Source materials:
 85 % beech (Fagus sylvatica), 15 % hornbeam (Carpinus betulus)
2.
Specifications:
Water content: < 2 w/w %
Acid % (expressed as acetic acid): 1 - 8 w/w %
Carbonyl compounds: 25 - 30 w/w %
Phenols: 15 - 60 w/w %
3.
Purity criteria:
Lead: < 5,0 mg/kg
Arsenic: < 3,0 mg/kg
Cadmium: < 1,0 mg/kg
Mercury: < 1,0 mg/kg",Kompozíció Kft,Fumokomp,SF-009,12.5. Soups and broths,0.06
Kompozíció Kft; 2053 Herceghalom; HUNGARY,1 January 2014,1 January 2024,"1.
Source materials:
 85 % beech (Fagus sylvatica), 15 % hornbeam (Carpinus betulus)
2.
Specifications:
Water content: < 2 w/w %
Acid % (expressed as acetic acid): 1 - 8 w/w %
Carbonyl compounds: 25 - 30 w/w %
Phenols: 15 - 60 w/w %
3.
Purity criteria:
Lead: < 5,0 mg/kg
Arsenic: < 3,0 mg/kg
Cadmium: < 1,0 mg/kg
Mercury: < 1,0 mg/kg",Kompozíció Kft,Fumokomp,SF-009,12.6. Sauces,0.06
Kompozíció Kft; 2053 Herceghalom; HUNGARY,1 January 2014,1 January 2024,"1.
Source materials:
 85 % beech (Fagus sylvatica), 15 % hornbeam (Carpinus betulus)
2.
Specifications:
Water content: < 2 w/w %
Acid % (expressed as acetic acid): 1 - 8 w/w %
Carbonyl compounds: 25 - 30 w/w %
Phenols: 15 - 60 w/w %
3.
Purity criteria:
Lead: < 5,0 mg/kg
Arsenic: < 3,0 mg/kg
Cadmium: < 1,0 mg/kg
Mercury: < 1,0 mg/kg",Kompozíció Kft,Fumokomp,SF-009,12.7. Salads and savoury based sandwich spreads,0.06
Kompozíció Kft; 2053 Herceghalom; HUNGARY,1 January 2014,1 January 2024,"1.
Source materials:
 85 % beech (Fagus sylvatica), 15 % hornbeam (Carpinus betulus)
2.
Specifications:
Water content: < 2 w/w %
Acid % (expressed as acetic acid): 1 - 8 w/w %
Carbonyl compounds: 25 - 30 w/w %
Phenols: 15 - 60 w/w %
3.
Purity criteria:
Lead: < 5,0 mg/kg
Arsenic: < 3,0 mg/kg
Cadmium: < 1,0 mg/kg
Mercury: < 1,0 mg/kg",Kompozíció Kft,Fumokomp,SF-009,"12.9. Protein products, excluding products covered in category 1.8",0.06
Kompozíció Kft; 2053 Herceghalom; HUNGARY,1 January 2014,1 January 2024,"1.
Source materials:
 85 % beech (Fagus sylvatica), 15 % hornbeam (Carpinus betulus)
2.
Specifications:
Water content: < 2 w/w %
Acid % (expressed as acetic acid): 1 - 8 w/w %
Carbonyl compounds: 25 - 30 w/w %
Phenols: 15 - 60 w/w %
3.
Purity criteria:
Lead: < 5,0 mg/kg
Arsenic: < 3,0 mg/kg
Cadmium: < 1,0 mg/kg
Mercury: < 1,0 mg/kg",Kompozíció Kft,Fumokomp,SF-009,13.3. Dietary foods for weight control diets intended to replace total daily food intake or an individual meal,0.06
Kompozíció Kft; 2053 Herceghalom; HUNGARY,1 January 2014,1 January 2024,"1.
Source materials:
 85 % beech (Fagus sylvatica), 15 % hornbeam (Carpinus betulus)
2.
Specifications:
Water content: < 2 w/w %
Acid % (expressed as acetic acid): 1 - 8 w/w %
Carbonyl compounds: 25 - 30 w/w %
Phenols: 15 - 60 w/w %
3.
Purity criteria:
Lead: < 5,0 mg/kg
Arsenic: < 3,0 mg/kg
Cadmium: < 1,0 mg/kg
Mercury: < 1,0 mg/kg",Kompozíció Kft,Fumokomp,SF-009,13.4. Foodstuffs suitable for people intolerant to gluten as defined by Regulation (EC) No 41/2009 (3),0.06
Kompozíció Kft; 2053 Herceghalom; HUNGARY,1 January 2014,1 January 2024,"1.
Source materials:
 85 % beech (Fagus sylvatica), 15 % hornbeam (Carpinus betulus)
2.
Specifications:
Water content: < 2 w/w %
Acid % (expressed as acetic acid): 1 - 8 w/w %
Carbonyl compounds: 25 - 30 w/w %
Phenols: 15 - 60 w/w %
3.
Purity criteria:
Lead: < 5,0 mg/kg
Arsenic: < 3,0 mg/kg
Cadmium: < 1,0 mg/kg
Mercury: < 1,0 mg/kg",Kompozíció Kft,Fumokomp,SF-009,14.1.4. Flavoured drinks,0.06
Kompozíció Kft; 2053 Herceghalom; HUNGARY,1 January 2014,1 January 2024,"1.
Source materials:
 85 % beech (Fagus sylvatica), 15 % hornbeam (Carpinus betulus)
2.
Specifications:
Water content: < 2 w/w %
Acid % (expressed as acetic acid): 1 - 8 w/w %
Carbonyl compounds: 25 - 30 w/w %
Phenols: 15 - 60 w/w %
3.
Purity criteria:
Lead: < 5,0 mg/kg
Arsenic: < 3,0 mg/kg
Cadmium: < 1,0 mg/kg
Mercury: < 1,0 mg/kg",Kompozíció Kft,Fumokomp,SF-009,14.1.5.2. Other,0.06
Kompozíció Kft; 2053 Herceghalom; HUNGARY,1 January 2014,1 January 2024,"1.
Source materials:
 85 % beech (Fagus sylvatica), 15 % hornbeam (Carpinus betulus)
2.
Specifications:
Water content: < 2 w/w %
Acid % (expressed as acetic acid): 1 - 8 w/w %
Carbonyl compounds: 25 - 30 w/w %
Phenols: 15 - 60 w/w %
3.
Purity criteria:
Lead: < 5,0 mg/kg
Arsenic: < 3,0 mg/kg
Cadmium: < 1,0 mg/kg
Mercury: < 1,0 mg/kg",Kompozíció Kft,Fumokomp,SF-009,"14.2. Alcoholic beverages, including alcohol-free and low-alcohol counterparts",0.06
Kompozíció Kft; 2053 Herceghalom; HUNGARY,1 January 2014,1 January 2024,"1.
Source materials:
 85 % beech (Fagus sylvatica), 15 % hornbeam (Carpinus betulus)
2.
Specifications:
Water content: < 2 w/w %
Acid % (expressed as acetic acid): 1 - 8 w/w %
Carbonyl compounds: 25 - 30 w/w %
Phenols: 15 - 60 w/w %
3.
Purity criteria:
Lead: < 5,0 mg/kg
Arsenic: < 3,0 mg/kg
Cadmium: < 1,0 mg/kg
Mercury: < 1,0 mg/kg",Kompozíció Kft,Fumokomp,SF-009,15. Ready-to-eat savouries and snacks,0.06
Kompozíció Kft; 2053 Herceghalom; HUNGARY,1 January 2014,1 January 2024,"1.
Source materials:
 85 % beech (Fagus sylvatica), 15 % hornbeam (Carpinus betulus)
2.
Specifications:
Water content: < 2 w/w %
Acid % (expressed as acetic acid): 1 - 8 w/w %
Carbonyl compounds: 25 - 30 w/w %
Phenols: 15 - 60 w/w %
3.
Purity criteria:
Lead: < 5,0 mg/kg
Arsenic: < 3,0 mg/kg
Cadmium: < 1,0 mg/kg
Mercury: < 1,0 mg/kg",Kompozíció Kft,Fumokomp,SF-009,"16. Desserts excluding products covered in category 1, 3 and 4",0.06
Mlynská 15; 929 01 Dunajská Streda; SLOVAKIA,1 January 2014,1 January 2024,"1.
Source materials:
 Beech (Fagus sylvatica)
2.
Specifications:
Solvent: ethanol/water mixture (approx. 60/40 wt. %)
Acid (expressed as acetic acid): 3,5 - 5,2 g/kg
Carbonyl compounds: 6,0 - 10,0 g/kg
Phenols: 8,0 - 14,0 g/kg
3.
Purity criteria:
Lead: < 5,0 mg/kg
Arsenic: < 3,0 mg/kg
Cadmium: < 1,0 mg/kg
Mercury: < 1,0 mg/kg","AROMARCO, s.r.o",AM 01,SF-010,1.4. Flavoured fermented milk products including heat treated products,0.60
Mlynská 15; 929 01 Dunajská Streda; SLOVAKIA,1 January 2014,1 January 2024,"1.
Source materials:
 Beech (Fagus sylvatica)
2.
Specifications:
Solvent: ethanol/water mixture (approx. 60/40 wt. %)
Acid (expressed as acetic acid): 3,5 - 5,2 g/kg
Carbonyl compounds: 6,0 - 10,0 g/kg
Phenols: 8,0 - 14,0 g/kg
3.
Purity criteria:
Lead: < 5,0 mg/kg
Arsenic: < 3,0 mg/kg
Cadmium: < 1,0 mg/kg
Mercury: < 1,0 mg/kg","AROMARCO, s.r.o",AM 01,SF-010,1.6.3. Other creams,0.60
Mlynská 15; 929 01 Dunajská Streda; SLOVAKIA,1 January 2014,1 January 2024,"1.
Source materials:
 Beech (Fagus sylvatica)
2.
Specifications:
Solvent: ethanol/water mixture (approx. 60/40 wt. %)
Acid (expressed as acetic acid): 3,5 - 5,2 g/kg
Carbonyl compounds: 6,0 - 10,0 g/kg
Phenols: 8,0 - 14,0 g/kg
3.
Purity criteria:
Lead: < 5,0 mg/kg
Arsenic: < 3,0 mg/kg
Cadmium: < 1,0 mg/kg
Mercury: < 1,0 mg/kg","AROMARCO, s.r.o",AM 01,SF-010,1.7. Cheese and cheese products,0.60
Mlynská 15; 929 01 Dunajská Streda; SLOVAKIA,1 January 2014,1 January 2024,"1.
Source materials:
 Beech (Fagus sylvatica)
2.
Specifications:
Solvent: ethanol/water mixture (approx. 60/40 wt. %)
Acid (expressed as acetic acid): 3,5 - 5,2 g/kg
Carbonyl compounds: 6,0 - 10,0 g/kg
Phenols: 8,0 - 14,0 g/kg
3.
Purity criteria:
Lead: < 5,0 mg/kg
Arsenic: < 3,0 mg/kg
Cadmium: < 1,0 mg/kg
Mercury: < 1,0 mg/kg","AROMARCO, s.r.o",AM 01,SF-010,"1.8. Dairy analogues, including beverage whiteners",0.60
Mlynská 15; 929 01 Dunajská Streda; SLOVAKIA,1 January 2014,1 January 2024,"1.
Source materials:
 Beech (Fagus sylvatica)
2.
Specifications:
Solvent: ethanol/water mixture (approx. 60/40 wt. %)
Acid (expressed as acetic acid): 3,5 - 5,2 g/kg
Carbonyl compounds: 6,0 - 10,0 g/kg
Phenols: 8,0 - 14,0 g/kg
3.
Purity criteria:
Lead: < 5,0 mg/kg
Arsenic: < 3,0 mg/kg
Cadmium: < 1,0 mg/kg
Mercury: < 1,0 mg/kg","AROMARCO, s.r.o",AM 01,SF-010,2. Fats and oils and fat and oil emulsions,0.40
Mlynská 15; 929 01 Dunajská Streda; SLOVAKIA,1 January 2014,1 January 2024,"1.
Source materials:
 Beech (Fagus sylvatica)
2.
Specifications:
Solvent: ethanol/water mixture (approx. 60/40 wt. %)
Acid (expressed as acetic acid): 3,5 - 5,2 g/kg
Carbonyl compounds: 6,0 - 10,0 g/kg
Phenols: 8,0 - 14,0 g/kg
3.
Purity criteria:
Lead: < 5,0 mg/kg
Arsenic: < 3,0 mg/kg
Cadmium: < 1,0 mg/kg
Mercury: < 1,0 mg/kg","AROMARCO, s.r.o",AM 01,SF-010,8.1.2. Meat preparations as defined by Regulation (EC) no 853/2004,0.85
Mlynská 15; 929 01 Dunajská Streda; SLOVAKIA,1 January 2014,1 January 2024,"1.
Source materials:
 Beech (Fagus sylvatica)
2.
Specifications:
Solvent: ethanol/water mixture (approx. 60/40 wt. %)
Acid (expressed as acetic acid): 3,5 - 5,2 g/kg
Carbonyl compounds: 6,0 - 10,0 g/kg
Phenols: 8,0 - 14,0 g/kg
3.
Purity criteria:
Lead: < 5,0 mg/kg
Arsenic: < 3,0 mg/kg
Cadmium: < 1,0 mg/kg
Mercury: < 1,0 mg/kg","AROMARCO, s.r.o",AM 01,SF-010,8.2. Processed meat,0.85
Mlynská 15; 929 01 Dunajská Streda; SLOVAKIA,1 January 2014,1 January 2024,"1.
Source materials:
 Beech (Fagus sylvatica)
2.
Specifications:
Solvent: ethanol/water mixture (approx. 60/40 wt. %)
Acid (expressed as acetic acid): 3,5 - 5,2 g/kg
Carbonyl compounds: 6,0 - 10,0 g/kg
Phenols: 8,0 - 14,0 g/kg
3.
Purity criteria:
Lead: < 5,0 mg/kg
Arsenic: < 3,0 mg/kg
Cadmium: < 1,0 mg/kg
Mercury: < 1,0 mg/kg","AROMARCO, s.r.o",AM 01,SF-010,9.2. Processed fish and fishery products including crustaceans and molluscs,0.80
Mlynská 15; 929 01 Dunajská Streda; SLOVAKIA,1 January 2014,1 January 2024,"1.
Source materials:
 Beech (Fagus sylvatica)
2.
Specifications:
Solvent: ethanol/water mixture (approx. 60/40 wt. %)
Acid (expressed as acetic acid): 3,5 - 5,2 g/kg
Carbonyl compounds: 6,0 - 10,0 g/kg
Phenols: 8,0 - 14,0 g/kg
3.
Purity criteria:
Lead: < 5,0 mg/kg
Arsenic: < 3,0 mg/kg
Cadmium: < 1,0 mg/kg
Mercury: < 1,0 mg/kg","AROMARCO, s.r.o",AM 01,SF-010,9.3. Fish roe,0.80
Mlynská 15; 929 01 Dunajská Streda; SLOVAKIA,1 January 2014,1 January 2024,"1.
Source materials:
 Beech (Fagus sylvatica)
2.
Specifications:
Solvent: ethanol/water mixture (approx. 60/40 wt. %)
Acid (expressed as acetic acid): 3,5 - 5,2 g/kg
Carbonyl compounds: 6,0 - 10,0 g/kg
Phenols: 8,0 - 14,0 g/kg
3.
Purity criteria:
Lead: < 5,0 mg/kg
Arsenic: < 3,0 mg/kg
Cadmium: < 1,0 mg/kg
Mercury: < 1,0 mg/kg","AROMARCO, s.r.o",AM 01,SF-010,"14.2. Alcoholic beverages, including alcohol-free and low-alcohol counterparts",0.02
Mlynská 15; 929 01 Dunajská Streda; SLOVAKIA,1 January 2014,1 January 2024,"1.
Source materials:
 Beech (Fagus sylvatica)
2.
Specifications:
Solvent: ethanol/water mixture (approx. 60/40 wt. %)
Acid (expressed as acetic acid): 3,5 - 5,2 g/kg
Carbonyl compounds: 6,0 - 10,0 g/kg
Phenols: 8,0 - 14,0 g/kg
3.
Purity criteria:
Lead: < 5,0 mg/kg
Arsenic: < 3,0 mg/kg
Cadmium: < 1,0 mg/kg
Mercury: < 1,0 mg/kg","AROMARCO, s.r.o",AM 01,SF-010,15. Ready-to-eat savouries and snacks,1.30
